EXECUTION_DATE,active,team,name,airOuts,atBats,atBatsPerHomeRun,avg,babip,baseOnBalls,catchersInterference,caughtStealing,doubles,gamesPlayed,groundIntoDoublePlay,groundOuts,groundOutsToAirouts,hitByPitch,hits,homeRuns,intentionalWalks,leftOnBase,numberOfPitches,obp,ops,plateAppearances,rbi,runs,sacBunts,sacFlies,slg,stolenBasePercentage,stolenBases,strikeOuts,totalBases,triples
2026/03/26,True,New York Yankees,Trent Grisham,2,5,-.--,.200,.250,0,0,0,0,1,0,1,0.50,0,1,0,0,3,18,.200,.800,5,2,0,0,0,.600,.---,0,1,3,1
2026/03/26,True,San Francisco Giants,Harrison Bader,1,3,-.--,.000,.000,0,0,0,0,1,0,0,0.00,0,0,0,0,1,10,.000,.000,3,0,0,0,0,.000,.---,0,2,0,0
2026/03/26,True,San Francisco Giants,Patrick Bailey,1,3,-.--,.000,.000,0,0,0,0,1,0,1,1.00,0,0,0,0,1,12,.000,.000,3,0,0,0,0,.000,.---,0,1,0,0
2026/03/26,True,New York Yankees,José Caballero,1,4,-.--,.250,.250,0,0,0,0,1,1,2,2.00,0,1,0,0,3,11,.250,.500,4,1,1,0,0,.250,.---,0,0,1,0
2026/03/26,True,San Francisco Giants,Matt Chapman,2,3,-.--,.000,.000,1,0,0,0,1,0,1,0.50,0,0,0,0,1,17,.250,.250,4,0,0,0,0,.000,.---,0,0,0,0
2026/03/26,True,New York Yankees,Austin Wells,1,3,-.--,.667,.667,1,0,0,0,1,0,0,0.00,0,2,0,0,0,14,.750,1.417,4,0,1,0,0,.667,.---,0,0,2,0
2026/03/26,True,San Francisco Giants,Casey Schmitt,1,3,-.--,.000,.000,0,0,0,0,1,0,2,2.00,1,0,0,0,2,10,.250,.250,4,0,0,0,0,.000,.---,0,0,0,0
2026/03/26,True,San Francisco Giants,Jung Hoo Lee,3,4,-.--,.000,.000,0,0,0,0,1,0,1,0.33,0,0,0,0,3,13,.000,.000,4,0,0,0,0,.000,.---,0,0,0,0
2026/03/26,True,New York Yankees,Jazz Chisholm,0,3,-.--,.333,.333,0,0,0,0,1,0,2,2.00,1,1,0,0,1,8,.500,.833,4,0,1,0,0,.333,1.000,1,0,1,0
2026/03/26,True,New York Yankees,Cody Bellinger,1,5,-.--,.200,.333,0,0,0,0,1,0,1,1.00,0,1,0,0,2,17,.200,.400,5,0,1,0,0,.200,.---,0,2,1,0
2026/03/26,True,New York Yankees,Aaron Judge,0,5,-.--,.000,.000,0,0,0,0,1,0,1,1.00,0,0,0,0,4,24,.000,.000,5,0,0,0,0,.000,.---,0,4,0,0
2026/03/26,True,New York Yankees,Ryan McMahon,0,3,-.--,.333,1.000,1,0,0,0,1,0,0,-.--,0,1,0,0,1,18,.500,.833,4,2,1,0,0,.333,.---,0,2,1,0
2026/03/26,True,San Francisco Giants,Luis Arraez,0,3,-.--,.333,.333,1,0,0,0,1,0,2,2.00,0,1,0,0,0,15,.500,.833,4,0,0,0,0,.333,.---,0,0,1,0
2026/03/26,True,San Francisco Giants,Rafael Devers,2,4,-.--,.250,.250,0,0,0,0,1,0,1,0.50,0,1,0,0,2,11,.250,.500,4,0,0,0,0,.250,.---,0,0,1,0
2026/03/26,True,New York Yankees,Giancarlo Stanton,0,4,-.--,.500,.667,0,0,0,0,1,0,1,1.00,0,2,0,0,1,11,.500,1.000,4,1,1,0,0,.500,.---,0,1,2,0
2026/03/26,True,San Francisco Giants,Heliot Ramos,0,4,-.--,.250,.500,0,0,0,0,1,0,1,1.00,0,1,0,0,1,19,.250,.500,4,0,0,0,0,.250,.---,0,2,1,0
2026/03/26,True,San Francisco Giants,Willy Adames,2,4,-.--,.000,.000,0,0,0,0,1,0,1,0.50,0,0,0,0,2,14,.000,.000,4,0,0,0,0,.000,.---,0,1,0,0
2026/03/26,True,New York Yankees,Ben Rice,0,4,-.--,.250,.500,1,0,0,0,1,0,1,1.00,0,1,0,0,0,16,.400,.650,5,0,1,0,0,.250,.---,0,2,1,0
2026/03/26,True,New York Yankees,Trent Grisham,2,5,-.--,.200,.250,0,0,0,0,1,0,1,0.50,0,1,0,0,3,18,.200,.800,5,2,0,0,0,.600,.---,0,1,3,1
2026/03/26,True,San Francisco Giants,Harrison Bader,1,3,-.--,.000,.000,0,0,0,0,1,0,0,0.00,0,0,0,0,1,10,.000,.000,3,0,0,0,0,.000,.---,0,2,0,0
2026/03/26,True,San Francisco Giants,Patrick Bailey,1,3,-.--,.000,.000,0,0,0,0,1,0,1,1.00,0,0,0,0,1,12,.000,.000,3,0,0,0,0,.000,.---,0,1,0,0
2026/03/26,True,New York Yankees,José Caballero,1,4,-.--,.250,.250,0,0,0,0,1,1,2,2.00,0,1,0,0,3,11,.250,.500,4,1,1,0,0,.250,.---,0,0,1,0
2026/03/26,True,San Francisco Giants,Matt Chapman,2,3,-.--,.000,.000,1,0,0,0,1,0,1,0.50,0,0,0,0,1,17,.250,.250,4,0,0,0,0,.000,.---,0,0,0,0
2026/03/26,True,New York Yankees,Austin Wells,1,3,-.--,.667,.667,1,0,0,0,1,0,0,0.00,0,2,0,0,0,14,.750,1.417,4,0,1,0,0,.667,.---,0,0,2,0
2026/03/26,True,San Francisco Giants,Casey Schmitt,1,3,-.--,.000,.000,0,0,0,0,1,0,2,2.00,1,0,0,0,2,10,.250,.250,4,0,0,0,0,.000,.---,0,0,0,0
2026/03/26,True,San Francisco Giants,Jung Hoo Lee,3,4,-.--,.000,.000,0,0,0,0,1,0,1,0.33,0,0,0,0,3,13,.000,.000,4,0,0,0,0,.000,.---,0,0,0,0
2026/03/26,True,New York Yankees,Jazz Chisholm,0,3,-.--,.333,.333,0,0,0,0,1,0,2,2.00,1,1,0,0,1,8,.500,.833,4,0,1,0,0,.333,1.000,1,0,1,0
2026/03/26,True,New York Yankees,Cody Bellinger,1,5,-.--,.200,.333,0,0,0,0,1,0,1,1.00,0,1,0,0,2,17,.200,.400,5,0,1,0,0,.200,.---,0,2,1,0
2026/03/26,True,New York Yankees,Aaron Judge,0,5,-.--,.000,.000,0,0,0,0,1,0,1,1.00,0,0,0,0,4,24,.000,.000,5,0,0,0,0,.000,.---,0,4,0,0
2026/03/26,True,New York Yankees,Ryan McMahon,0,3,-.--,.333,1.000,1,0,0,0,1,0,0,-.--,0,1,0,0,1,18,.500,.833,4,2,1,0,0,.333,.---,0,2,1,0
2026/03/26,True,San Francisco Giants,Luis Arraez,0,3,-.--,.333,.333,1,0,0,0,1,0,2,2.00,0,1,0,0,0,15,.500,.833,4,0,0,0,0,.333,.---,0,0,1,0
2026/03/26,True,San Francisco Giants,Rafael Devers,2,4,-.--,.250,.250,0,0,0,0,1,0,1,0.50,0,1,0,0,2,11,.250,.500,4,0,0,0,0,.250,.---,0,0,1,0
2026/03/26,True,New York Yankees,Giancarlo Stanton,0,4,-.--,.500,.667,0,0,0,0,1,0,1,1.00,0,2,0,0,1,11,.500,1.000,4,1,1,0,0,.500,.---,0,1,2,0
2026/03/26,True,San Francisco Giants,Heliot Ramos,0,4,-.--,.250,.500,0,0,0,0,1,0,1,1.00,0,1,0,0,1,19,.250,.500,4,0,0,0,0,.250,.---,0,2,1,0
2026/03/26,True,San Francisco Giants,Willy Adames,2,4,-.--,.000,.000,0,0,0,0,1,0,1,0.50,0,0,0,0,2,14,.000,.000,4,0,0,0,0,.000,.---,0,1,0,0
2026/03/26,True,New York Yankees,Ben Rice,0,4,-.--,.250,.500,1,0,0,0,1,0,1,1.00,0,1,0,0,0,16,.400,.650,5,0,1,0,0,.250,.---,0,2,1,0
2026/03/27,True,Milwaukee Brewers,Brandon Lockridge,0,1,-.--,.000,.000,0,0,0,0,1,0,1,1.00,0,0,0,0,2,4,.000,.000,1,0,2,0,0,.000,.---,0,0,0,0
2026/03/27,True,Minnesota Twins,Trevor Larnach,0,1,-.--,.000,.---,0,0,0,0,1,0,0,-.--,0,0,0,0,1,4,.000,.000,1,0,0,0,0,.000,.---,0,1,0,0
2026/03/27,True,Cincinnati Reds,Ke'Bryan Hayes,3,3,-.--,.000,.000,0,0,0,0,1,0,0,0.00,0,0,0,0,2,9,.000,.000,3,0,0,0,0,.000,.---,0,0,0,0
2026/03/27,True,Los Angeles Dodgers,Kyle Tucker,1,4,-.--,.250,.250,1,0,0,1,1,0,2,2.00,0,1,0,0,3,19,.400,.900,5,1,1,0,0,.500,.---,0,0,2,0
2026/03/27,True,Seattle Mariners,Josh Naylor,0,4,-.--,.000,.000,0,0,0,0,1,1,4,4.00,0,0,0,0,1,12,.000,.000,4,0,0,0,0,.000,.---,0,0,0,0
2026/03/27,True,Chicago White Sox,Andrew Benintendi,0,2,-.--,.000,.---,0,0,0,0,1,0,0,-.--,0,0,0,0,0,10,.000,.000,2,0,0,0,0,.000,.---,0,2,0,0
2026/03/27,True,Seattle Mariners,Cal Raleigh,0,3,-.--,.000,.---,1,0,0,0,1,0,0,-.--,0,0,0,0,2,19,.250,.250,4,0,0,0,0,.000,.---,0,3,0,0
2026/03/27,True,Tampa Bay Rays,Nick Fortes,1,4,-.--,.750,.750,0,0,0,0,1,0,0,0.00,0,3,0,0,0,13,.750,1.500,4,1,1,0,0,.750,.---,0,0,3,0
2026/03/27,True,New York Yankees,Trent Grisham,2,5,-.--,.200,.250,0,0,0,0,1,0,1,0.50,0,1,0,0,3,18,.200,.800,5,2,0,0,0,.600,.---,0,1,3,1
2026/03/27,True,Chicago White Sox,Tristan Peters,0,1,-.--,.000,.---,0,0,0,0,1,0,0,-.--,0,0,0,0,0,6,.000,.000,1,0,0,0,0,.000,.---,0,1,0,0
2026/03/27,True,Arizona Diamondbacks,Ketel Marte,1,4,-.--,.000,.000,0,0,0,0,1,0,2,2.00,0,0,0,0,2,24,.000,.000,4,0,0,0,0,.000,.---,0,1,0,0
2026/03/27,True,Texas Rangers,Danny Jansen,2,4,-.--,.250,.250,0,0,0,0,1,0,1,0.50,0,1,0,0,0,16,.250,.500,4,1,0,0,0,.250,.---,0,0,1,0
2026/03/27,True,Boston Red Sox,Isiah Kiner-Falefa,0,2,-.--,.000,.000,0,0,0,0,1,0,1,1.00,0,0,0,0,1,5,.000,.000,2,0,0,0,0,.000,.---,0,1,0,0
2026/03/27,True,Cincinnati Reds,Tyler Stephenson,2,3,-.--,.000,.000,1,0,0,0,1,0,1,0.50,0,0,0,0,2,15,.250,.250,4,0,0,0,0,.000,.---,0,0,0,0
2026/03/27,True,Chicago Cubs,Ian Happ,1,5,-.--,.200,.500,0,0,0,0,1,0,0,0.00,0,1,0,0,5,16,.200,.400,5,0,0,0,0,.200,.---,0,3,1,0
2026/03/27,True,Pittsburgh Pirates,Brandon Lowe,0,4,2.00,.500,.000,0,0,0,0,1,0,2,2.00,0,2,2,0,1,14,.500,2.500,4,3,2,0,0,2.000,.---,0,0,8,0
2026/03/27,True,San Francisco Giants,Harrison Bader,1,3,-.--,.000,.000,0,0,0,0,1,0,0,0.00,0,0,0,0,1,10,.000,.000,3,0,0,0,0,.000,.---,0,2,0,0
2026/03/27,True,Texas Rangers,Sam Haggerty,0,2,-.--,.000,.---,0,0,0,0,1,0,0,-.--,0,0,0,0,0,9,.000,.000,2,0,0,0,0,.000,.---,0,2,0,0
2026/03/27,True,Cleveland Guardians,Kyle Manzardo,0,4,-.--,.250,.333,1,0,0,0,1,0,2,2.00,0,1,0,0,1,24,.400,.650,5,0,0,0,0,.250,.---,0,1,1,0
2026/03/27,True,Tampa Bay Rays,Jonny DeLuca,1,4,-.--,.500,.500,0,0,0,0,1,0,1,1.00,0,2,0,0,4,12,.500,1.000,4,2,0,0,0,.500,.---,0,0,2,0
2026/03/27,True,San Francisco Giants,Patrick Bailey,1,3,-.--,.000,.000,0,0,0,0,1,0,1,1.00,0,0,0,0,1,12,.000,.000,3,0,0,0,0,.000,.---,0,1,0,0
2026/03/27,True,Seattle Mariners,Randy Arozarena,2,4,-.--,.250,.333,0,0,0,1,1,0,0,0.00,0,1,0,0,0,15,.250,.750,4,0,0,0,0,.500,.---,0,1,2,0
2026/03/27,True,Los Angeles Angels,Mike Trout,0,2,2.00,.500,.---,3,0,0,0,1,0,0,-.--,0,1,1,0,0,24,.800,2.800,5,1,1,0,0,2.000,1.000,1,1,4,0
2026/03/27,True,Tampa Bay Rays,Hunter Feduccia,0,1,-.--,.000,.---,0,0,0,0,1,0,0,-.--,0,0,0,0,1,5,.000,.000,1,0,0,0,0,.000,.---,0,1,0,0
2026/03/27,True,Cleveland Guardians,Gabriel Arias,1,4,-.--,.250,.333,0,0,0,0,1,0,1,1.00,0,1,0,0,3,11,.250,.500,4,0,0,0,0,.250,.---,0,1,1,0
2026/03/27,True,St. Louis Cardinals,Alec Burleson,1,4,4.00,.750,.667,1,0,0,0,1,0,0,0.00,0,3,1,1,0,19,.800,2.300,5,2,2,0,0,1.500,.---,0,0,6,0
2026/03/27,True,Cincinnati Reds,Matt McLain,2,3,-.--,.000,.000,1,0,0,0,1,0,0,0.00,0,0,0,0,0,18,.250,.250,4,0,0,0,0,.000,.---,0,1,0,0
2026/03/27,True,Los Angeles Angels,Yoán Moncada,0,3,-.--,.333,.500,2,0,0,0,1,0,1,1.00,0,1,0,0,2,19,.600,.933,5,0,0,0,0,.333,.---,0,1,1,0
2026/03/27,True,Tampa Bay Rays,Richie Palacios,0,2,-.--,.000,.000,0,0,0,0,1,0,1,1.00,0,0,0,0,3,6,.000,.000,2,0,0,0,0,.000,.---,0,1,0,0
2026/03/27,True,New York Yankees,José Caballero,1,4,-.--,.250,.250,0,0,0,0,1,1,2,2.00,0,1,0,0,3,11,.250,.500,4,1,1,0,0,.250,.---,0,0,1,0
2026/03/27,True,Arizona Diamondbacks,Gabriel Moreno,3,4,-.--,.000,.000,0,0,0,0,1,0,0,0.00,0,0,0,0,0,16,.000,.000,4,0,0,0,0,.000,.---,0,1,0,0
2026/03/27,True,Minnesota Twins,Luke Keaschall,2,3,-.--,.333,.250,0,0,0,0,1,0,1,0.50,0,1,0,0,0,16,.250,.583,4,1,0,0,1,.333,.---,0,0,1,0
2026/03/27,True,Chicago Cubs,Matt Shaw,1,3,-.--,.000,.000,0,0,0,0,1,0,2,2.00,0,0,0,0,3,19,.000,.000,3,0,0,0,0,.000,.---,0,0,0,0
2026/03/27,True,Los Angeles Dodgers,Shohei Ohtani,2,3,-.--,.333,.333,1,0,0,0,1,0,0,0.00,1,1,0,0,1,21,.600,.933,5,0,1,0,0,.333,.---,0,0,1,0
2026/03/27,True,Cleveland Guardians,Steven Kwan,3,5,-.--,.000,.000,0,0,0,0,1,0,0,0.00,0,0,0,0,5,21,.000,.000,5,0,0,0,0,.000,.---,0,2,0,0
2026/03/27,True,Texas Rangers,Brandon Nimmo,0,3,-.--,.000,.000,1,0,0,0,1,0,2,2.00,0,0,0,0,0,19,.250,.250,4,0,0,0,0,.000,.---,0,1,0,0
2026/03/27,True,Boston Red Sox,Jarren Duran,1,5,-.--,.400,.500,0,0,0,0,1,0,1,1.00,0,2,0,0,3,10,.400,.800,5,1,0,0,0,.400,1.000,1,1,2,0
2026/03/27,True,Minnesota Twins,Ryan Jeffers,1,4,-.--,.250,.333,0,0,0,0,1,1,1,1.00,0,1,0,0,3,10,.250,.500,4,0,0,0,0,.250,.---,0,1,1,0
2026/03/27,True,Pittsburgh Pirates,Henry Davis,1,4,-.--,.250,.250,0,0,0,1,1,0,2,2.00,0,1,0,0,1,9,.250,.750,4,1,0,0,0,.500,.---,0,0,2,0
2026/03/27,True,Arizona Diamondbacks,Carlos Santana,2,3,-.--,.000,.000,0,0,0,0,1,0,0,0.00,0,0,0,0,1,13,.000,.000,3,0,0,0,0,.000,.---,0,1,0,0
2026/03/27,True,Houston Astros,Jake Meyers,1,3,-.--,.000,.000,1,0,0,0,1,0,1,1.00,0,0,0,0,2,20,.250,.250,4,0,0,0,0,.000,.---,0,1,0,0
2026/03/27,True,Boston Red Sox,Roman Anthony,0,4,-.--,.750,1.000,1,0,0,0,1,0,0,-.--,0,3,0,0,1,20,.800,1.550,5,0,1,0,0,.750,.---,0,1,3,0
2026/03/27,True,Houston Astros,Cam Smith,0,3,-.--,.000,.000,1,0,0,0,1,0,1,1.00,0,0,0,0,2,15,.250,.250,4,0,0,0,0,.000,1.000,1,2,0,0
2026/03/27,True,San Francisco Giants,Matt Chapman,2,3,-.--,.000,.000,1,0,0,0,1,0,1,0.50,0,0,0,0,1,17,.250,.250,4,0,0,0,0,.000,.---,0,0,0,0
2026/03/27,True,Arizona Diamondbacks,Geraldo Perdomo,0,4,4.00,.500,.500,0,0,1,0,1,0,1,1.00,0,2,1,0,0,14,.500,1.750,4,2,1,0,0,1.250,.000,0,1,5,0
2026/03/27,True,Los Angeles Angels,Oswald Peraza,0,4,-.--,.250,.500,0,0,0,0,1,0,1,1.00,0,1,0,0,4,19,.250,.500,4,1,0,0,0,.250,.---,0,2,1,0
2026/03/27,True,Cincinnati Reds,Sal Stewart,0,4,-.--,.750,.750,0,0,0,2,1,0,1,1.00,0,3,0,0,0,10,.750,2.000,4,0,0,0,0,1.250,.---,0,0,5,0
2026/03/27,True,Philadelphia Phillies,Trea Turner,2,4,-.--,.500,.500,0,0,0,0,1,0,0,0.00,0,2,0,0,1,9,.500,1.000,4,0,2,0,0,.500,.---,0,0,2,0
2026/03/27,True,Los Angeles Dodgers,Miguel Rojas,1,4,-.--,.250,.333,0,0,0,0,1,0,1,1.00,0,1,0,0,1,11,.250,.500,4,0,1,0,0,.250,.---,0,1,1,0
2026/03/27,True,Cincinnati Reds,Eugenio Suárez,1,4,-.--,.000,.000,0,0,0,0,1,0,0,0.00,0,0,0,0,5,17,.000,.000,4,0,0,0,0,.000,.---,0,3,0,0
2026/03/27,True,Seattle Mariners,Brendan Donovan,1,4,4.00,.500,.500,0,0,0,1,1,0,0,0.00,0,2,1,0,0,18,.500,2.000,4,1,1,0,0,1.500,.---,0,1,6,0
2026/03/27,True,Cincinnati Reds,Spencer Steer,1,3,-.--,.000,.000,1,0,0,0,1,0,0,0.00,0,0,0,0,3,17,.250,.250,4,0,0,0,0,.000,.---,0,2,0,0
2026/03/27,True,Tampa Bay Rays,Ryan Vilade,3,3,-.--,.000,.000,0,0,0,0,1,0,0,0.00,0,0,0,0,1,9,.000,.000,3,0,0,0,0,.000,.---,0,0,0,0
2026/03/27,True,Chicago White Sox,Lenyn Sosa,0,2,-.--,.000,.000,0,0,0,0,1,0,1,1.00,0,0,0,0,3,8,.000,.000,2,0,0,0,0,.000,.---,0,1,0,0
2026/03/27,True,Pittsburgh Pirates,Nick Gonzales,0,4,-.--,.500,.667,0,0,0,1,1,0,1,1.00,0,2,0,0,0,12,.500,1.250,4,2,1,0,0,.750,.---,0,1,3,0
2026/03/27,True,Detroit Tigers,Dillon Dingler,1,5,5.00,.400,.333,0,0,0,0,1,0,1,1.00,0,2,1,0,3,17,.400,1.400,5,3,1,0,0,1.000,.---,0,1,5,0
2026/03/27,True,San Diego Padres,Jackson Merrill,0,4,-.--,.000,.000,0,0,0,0,1,0,1,1.00,0,0,0,0,5,18,.000,.000,4,0,0,0,0,.000,.---,0,3,0,0
2026/03/27,True,Philadelphia Phillies,Bryson Stott,1,4,-.--,.500,.667,0,0,0,0,1,0,0,0.00,0,2,0,0,1,23,.500,1.000,4,0,0,0,0,.500,1.000,1,1,2,0
2026/03/27,True,Pittsburgh Pirates,Bryan Reynolds,0,4,-.--,.250,.500,0,0,0,0,1,0,1,1.00,0,1,0,0,1,15,.250,.500,4,0,0,0,0,.250,.---,0,2,1,0
2026/03/27,True,Chicago White Sox,Derek Hill,0,1,-.--,.000,.---,0,0,0,0,1,0,0,-.--,0,0,0,0,0,4,.000,.000,1,0,0,0,0,.000,.---,0,1,0,0
2026/03/27,True,Cleveland Guardians,Rhys Hoskins,0,3,-.--,1.000,1.000,1,0,0,1,1,0,0,-.--,0,3,0,0,0,14,1.000,2.333,4,0,1,0,0,1.333,.---,0,0,4,0
2026/03/27,True,Philadelphia Phillies,Alec Bohm,1,3,3.00,.333,.000,1,0,0,0,1,0,1,1.00,0,1,1,0,0,15,.500,1.833,4,3,1,0,0,1.333,.---,0,0,4,0
2026/03/27,True,Washington Nationals,Keibert Ruiz,0,4,-.--,.250,.333,0,0,0,0,1,0,2,2.00,0,1,0,0,3,20,.250,.500,4,0,1,0,0,.250,.---,0,1,1,0
2026/03/27,True,Minnesota Twins,Austin Martin,1,3,-.--,.333,.333,0,0,0,0,1,0,1,1.00,0,1,0,0,0,5,.333,.666,3,0,0,0,0,.333,1.000,1,0,1,0
2026/03/27,True,Minnesota Twins,Royce Lewis,1,2,-.--,.000,.000,0,0,0,0,1,1,1,1.00,1,0,0,0,2,6,.333,.333,3,0,0,0,0,.000,.---,0,0,0,0
2026/03/27,True,St. Louis Cardinals,Nathan Church,0,4,-.--,.750,.750,0,0,0,0,1,0,1,1.00,0,3,0,0,0,13,.750,1.500,4,2,1,0,0,.750,.---,0,0,3,0
2026/03/27,True,Milwaukee Brewers,Brice Turang,0,4,-.--,.500,.667,1,0,1,1,1,0,1,1.00,0,2,0,0,4,22,.600,1.350,5,0,0,0,0,.750,.000,0,1,3,0
2026/03/27,True,Baltimore Orioles,Adley Rutschman,1,4,-.--,.500,.500,0,0,0,1,1,0,1,1.00,0,2,0,0,1,13,.500,1.250,4,0,0,0,0,.750,.---,0,0,3,0
2026/03/27,True,Cleveland Guardians,Chase DeLauter,1,5,2.50,.600,.500,0,0,0,0,1,0,0,0.00,0,3,2,0,1,20,.600,2.400,5,2,3,0,0,1.800,.---,0,1,9,0
2026/03/27,True,Milwaukee Brewers,Garrett Mitchell,1,1,-.--,.000,.000,2,0,0,0,1,0,1,1.00,0,0,0,0,1,17,.667,.667,4,1,1,1,0,.000,.---,0,0,0,0
2026/03/27,True,Baltimore Orioles,Colton Cowser,2,2,-.--,.000,.000,0,0,0,0,1,0,0,0.00,0,0,0,0,1,11,.000,.000,3,1,0,0,1,.000,.---,0,1,0,0
2026/03/27,True,Philadelphia Phillies,Brandon Marsh,0,4,-.--,.500,.667,0,0,0,2,1,0,1,1.00,0,2,0,0,0,13,.500,1.500,4,0,0,0,0,1.000,.---,0,1,4,0
2026/03/27,True,Seattle Mariners,Leo Rivas,1,2,-.--,.000,.000,1,0,0,0,1,0,0,0.00,0,0,0,0,0,17,.333,.333,3,0,0,0,0,.000,.---,0,1,0,0
2026/03/27,True,New York Mets,Carson Benge,0,3,3.00,.333,.---,2,0,0,0,1,0,0,-.--,0,1,1,0,2,23,.600,1.933,5,1,2,0,0,1.333,1.000,1,2,4,0
2026/03/27,True,Los Angeles Angels,Logan O'Hoppe,0,4,-.--,.500,1.000,0,0,0,0,1,0,0,-.--,0,2,0,0,2,16,.500,1.000,4,0,0,0,0,.500,.---,0,2,2,0
2026/03/27,True,Tampa Bay Rays,Cedric Mullins,5,5,-.--,.000,.000,0,0,0,0,1,0,0,0.00,0,0,0,0,6,18,.000,.000,5,0,0,0,0,.000,.---,0,0,0,0
2026/03/27,True,Pittsburgh Pirates,Ryan O'Hearn,0,4,4.00,.500,.500,0,0,0,0,1,0,1,1.00,0,2,1,0,0,17,.500,1.750,4,1,2,0,0,1.250,.---,0,1,5,0
2026/03/27,True,Minnesota Twins,Kody Clemens,0,1,-.--,.000,.000,0,0,0,0,1,0,1,1.00,0,0,0,0,0,3,.000,.000,1,0,0,0,0,.000,.---,0,0,0,0
2026/03/27,True,Houston Astros,Yainer Diaz,0,3,-.--,.000,.000,1,0,0,0,1,0,1,1.00,0,0,0,0,2,13,.250,.250,4,0,0,0,0,.000,.---,0,2,0,0
2026/03/27,True,Detroit Tigers,Kerry Carpenter,2,5,-.--,.000,.000,0,0,0,0,1,0,1,0.50,0,0,0,0,3,19,.000,.000,5,0,0,0,0,.000,.---,0,2,0,0
2026/03/27,True,New York Yankees,Austin Wells,1,3,-.--,.667,.667,1,0,0,0,1,0,0,0.00,0,2,0,0,0,14,.750,1.417,4,0,1,0,0,.667,.---,0,0,2,0
2026/03/27,True,Philadelphia Phillies,Kyle Schwarber,1,4,4.00,.250,.000,0,0,0,0,1,0,1,1.00,0,1,1,0,2,18,.250,1.250,4,2,1,0,0,1.000,.---,0,1,4,0
2026/03/27,True,Minnesota Twins,James Outman,0,0,-.--,.000,.---,0,0,0,0,1,0,0,-.--,0,0,0,0,0,0,.000,.000,0,0,0,0,0,.000,.---,0,0,0,0
2026/03/27,True,Los Angeles Dodgers,Will Smith,1,4,4.00,.500,.333,0,0,0,0,1,0,1,1.00,0,2,1,0,0,12,.500,1.750,4,3,1,0,0,1.250,.---,0,0,5,0
2026/03/27,True,New York Mets,Luis Robert,0,4,-.--,.500,.667,1,0,0,0,1,0,1,1.00,0,2,0,0,1,25,.600,1.100,5,2,1,0,0,.500,.---,0,1,2,0
2026/03/27,True,Pittsburgh Pirates,Marcell Ozuna,3,4,-.--,.000,.000,0,0,0,0,1,0,0,0.00,0,0,0,0,1,18,.000,.000,4,0,0,0,0,.000,.---,0,1,0,0
2026/03/27,True,Los Angeles Angels,Bryce Teodosio,0,1,-.--,.000,.000,0,0,0,0,1,0,1,1.00,0,0,0,0,2,8,.000,.000,1,0,0,0,0,.000,.---,0,0,0,0
2026/03/27,True,Los Angeles Dodgers,Andy Pages,1,4,4.00,.500,.500,0,0,0,0,1,0,0,0.00,0,2,1,0,1,23,.500,1.750,4,3,1,0,0,1.250,.---,0,1,5,0
2026/03/27,True,St. Louis Cardinals,Nolan Gorman,2,4,-.--,.250,.333,0,0,0,0,1,0,0,0.00,0,1,0,0,2,17,.250,.500,4,2,1,0,0,.250,.---,0,1,1,0
2026/03/27,True,Texas Rangers,Jake Burger,0,4,4.00,.750,1.000,0,0,0,0,1,0,0,-.--,0,3,1,0,0,10,.750,2.250,4,2,1,0,0,1.500,.---,0,1,6,0
2026/03/27,True,Cleveland Guardians,Brayan Rocchio,0,3,-.--,.667,1.000,0,0,0,1,1,0,0,-.--,1,2,0,0,0,15,.750,1.750,4,2,1,0,0,1.000,.---,0,1,3,0
2026/03/27,True,Houston Astros,Nick Allen,0,1,-.--,.000,.---,0,0,0,0,1,0,0,-.--,0,0,0,0,0,4,.000,.000,1,0,0,0,0,.000,.---,0,1,0,0
2026/03/27,True,Chicago White Sox,Everson Pereira,0,3,-.--,.000,.---,0,0,0,0,1,0,0,-.--,0,0,0,0,3,11,.000,.000,3,0,0,0,0,.000,.---,0,3,0,0
2026/03/27,True,Seattle Mariners,Julio Rodríguez,1,4,-.--,.000,.000,0,0,0,0,1,0,0,0.00,0,0,0,0,1,15,.000,.000,4,0,0,0,0,.000,.---,0,3,0,0
2026/03/27,True,Philadelphia Phillies,Justin Crawford,2,4,-.--,.500,.500,0,0,0,0,1,0,0,0.00,0,2,0,0,3,14,.500,1.000,4,0,1,0,0,.500,.---,0,0,2,0
2026/03/27,True,Texas Rangers,Ezequiel Duran,0,1,-.--,.000,.---,0,0,0,0,1,0,0,-.--,0,0,0,0,1,5,.000,.000,1,0,0,0,0,.000,.---,0,1,0,0
2026/03/27,True,Baltimore Orioles,Pete Alonso,1,3,-.--,.000,.000,1,0,0,0,1,0,0,0.00,0,0,0,0,0,19,.250,.250,4,0,0,0,0,.000,.---,0,2,0,0
2026/03/27,True,San Francisco Giants,Casey Schmitt,1,3,-.--,.000,.000,0,0,0,0,1,0,2,2.00,1,0,0,0,2,10,.250,.250,4,0,0,0,0,.000,.---,0,0,0,0
2026/03/27,True,Chicago Cubs,Michael Conforto,0,1,-.--,.000,.---,0,0,0,0,1,0,0,-.--,0,0,0,0,2,4,.000,.000,1,0,0,0,0,.000,.---,0,1,0,0
2026/03/27,True,Cleveland Guardians,José Ramírez,2,5,-.--,.200,.333,0,0,0,1,1,0,0,0.00,0,1,0,0,0,16,.200,.600,5,2,0,0,0,.400,1.000,1,2,2,0
2026/03/27,True,Seattle Mariners,Cole Young,0,3,-.--,.000,.---,0,0,0,0,1,0,0,-.--,0,0,0,0,0,12,.000,.000,3,0,0,0,0,.000,.---,0,3,0,0
2026/03/27,True,Boston Red Sox,Caleb Durbin,1,3,-.--,.000,.000,1,0,0,0,1,0,2,2.00,0,0,0,0,2,16,.250,.250,4,0,0,0,0,.000,.---,0,0,0,0
2026/03/27,True,Chicago White Sox,Reese McGuire,0,1,-.--,.000,.---,0,0,0,0,1,0,0,-.--,0,0,0,0,0,3,.000,.000,1,0,0,0,0,.000,.---,0,1,0,0
2026/03/27,True,Milwaukee Brewers,William Contreras,2,3,-.--,.333,.333,2,0,0,1,1,0,0,0.00,0,1,0,1,2,19,.600,1.267,5,3,1,0,0,.667,.---,0,0,2,0
2026/03/27,True,San Diego Padres,Fernando Tatis,1,4,-.--,.250,.250,0,0,0,0,1,0,2,2.00,0,1,0,0,0,11,.250,.500,4,0,1,0,0,.250,.---,0,0,1,0
2026/03/27,True,Detroit Tigers,Javier Báez,1,3,-.--,.333,.500,1,0,0,0,1,0,0,0.00,0,1,0,0,3,18,.500,.833,4,0,0,0,0,.333,.---,0,1,1,0
2026/03/27,True,Boston Red Sox,Wilyer Abreu,0,4,-.--,.250,.333,0,0,0,0,1,0,2,2.00,0,1,0,0,1,17,.250,.500,4,0,0,0,0,.250,.---,0,1,1,0
2026/03/27,True,Chicago Cubs,Moisés Ballesteros,1,3,-.--,.000,.000,1,0,0,0,1,0,1,1.00,0,0,0,0,3,20,.250,.250,4,0,0,0,0,.000,.---,0,1,0,0
2026/03/27,True,Baltimore Orioles,Samuel Basallo,1,4,-.--,.250,.333,0,0,0,0,1,0,1,1.00,0,1,0,0,2,12,.250,.500,4,0,1,0,0,.250,.---,0,1,1,0
2026/03/27,True,Los Angeles Angels,Jorge Soler,2,5,-.--,.200,.333,0,0,0,0,1,0,0,0.00,0,1,0,0,1,28,.200,.400,5,0,0,0,0,.200,.---,0,2,1,0
2026/03/27,True,Chicago White Sox,Munetaka Murakami,0,2,2.00,.500,.000,2,0,0,0,1,0,1,1.00,0,1,1,0,0,18,.750,2.750,4,1,1,0,0,2.000,.---,0,0,4,0
2026/03/27,True,Texas Rangers,Josh Smith,1,3,-.--,.000,.000,0,0,0,0,1,0,1,1.00,0,0,0,0,1,8,.000,.000,3,0,0,0,0,.000,.---,0,1,0,0
2026/03/27,True,Pittsburgh Pirates,Jared Triolo,1,4,-.--,.250,.333,0,0,0,1,1,0,1,1.00,0,1,0,0,0,15,.250,.750,4,0,1,0,0,.500,.---,0,1,2,0
2026/03/27,True,San Francisco Giants,Jung Hoo Lee,3,4,-.--,.000,.000,0,0,0,0,1,0,1,0.33,0,0,0,0,3,13,.000,.000,4,0,0,0,0,.000,.---,0,0,0,0
2026/03/27,True,Chicago White Sox,Austin Hays,0,4,-.--,.250,.500,0,0,0,0,1,0,1,1.00,0,1,0,0,3,17,.250,.500,4,0,0,0,0,.250,.---,0,2,1,0
2026/03/27,True,New York Mets,Francisco Lindor,1,2,-.--,.000,.000,3,0,0,0,1,0,1,1.00,0,0,0,0,2,25,.600,.600,5,0,3,0,0,.000,.---,0,0,0,0
2026/03/27,True,Baltimore Orioles,Blaze Alexander,1,3,-.--,.333,.500,0,0,0,0,1,0,0,0.00,0,1,0,0,1,14,.333,.666,3,1,0,0,0,.333,.---,0,1,1,0
2026/03/27,True,Arizona Diamondbacks,Nolan Arenado,1,3,-.--,.333,.500,0,0,0,0,1,0,0,0.00,0,1,0,0,0,10,.333,.666,3,0,0,0,0,.333,.---,0,1,1,0
2026/03/27,True,Arizona Diamondbacks,Alek Thomas,2,3,-.--,.000,.000,0,0,0,0,1,0,0,0.00,0,0,0,0,1,12,.000,.000,3,0,0,0,0,.000,.---,0,1,0,0
2026/03/27,True,Chicago Cubs,Alex Bregman,1,4,-.--,.250,.333,1,0,0,0,1,0,1,1.00,0,1,0,0,2,27,.400,.650,5,0,0,0,0,.250,.---,0,1,1,0
2026/03/27,True,Chicago Cubs,Carson Kelly,1,3,-.--,.333,.333,1,0,0,0,1,0,1,1.00,0,1,0,0,0,22,.500,.833,4,0,0,0,0,.333,.---,0,0,1,0
2026/03/27,True,Arizona Diamondbacks,Tim Tawa,0,3,-.--,.333,.500,0,0,0,0,1,0,1,1.00,0,1,0,0,0,7,.333,.666,3,0,0,0,0,.333,.---,0,1,1,0
2026/03/27,True,Los Angeles Angels,Nolan Schanuel,1,5,5.00,.200,.000,0,0,0,0,1,0,0,0.00,0,1,1,0,3,24,.200,1.000,5,1,1,0,0,.800,.---,0,3,4,0
2026/03/27,True,Texas Rangers,Corey Seager,1,4,-.--,.500,.667,0,0,0,0,1,0,0,0.00,0,2,0,0,0,17,.500,1.000,4,0,1,0,0,.500,.---,0,1,2,0
2026/03/27,True,Houston Astros,Joey Loperfido,1,4,-.--,.500,.500,0,0,0,1,1,0,1,1.00,0,2,0,0,0,8,.500,1.250,4,0,0,0,0,.750,.---,0,0,3,0
2026/03/27,True,Detroit Tigers,Parker Meadows,2,4,-.--,.250,.333,0,0,0,0,1,0,0,0.00,0,1,0,0,2,12,.250,.500,4,2,0,0,0,.250,.---,0,1,1,0
2026/03/27,True,Milwaukee Brewers,Sal Frelick,0,3,3.00,.333,.000,2,0,0,0,1,0,2,2.00,0,1,1,0,0,23,.600,1.933,5,2,2,0,0,1.333,.---,0,0,4,0
2026/03/27,True,New York Mets,Juan Soto,1,4,-.--,.500,.500,1,0,0,0,1,0,1,1.00,0,2,0,0,0,20,.600,1.100,5,1,1,0,0,.500,.---,0,0,2,0
2026/03/27,True,Boston Red Sox,Trevor Story,1,5,-.--,.200,.250,0,0,0,0,1,1,2,2.00,0,1,0,0,5,12,.200,.400,5,1,0,0,0,.200,.---,0,1,1,0
2026/03/27,True,Texas Rangers,Josh Jung,0,4,-.--,.000,.000,0,0,0,0,1,0,3,3.00,0,0,0,0,3,18,.000,.000,4,0,0,0,0,.000,.---,0,1,0,0
2026/03/27,True,Cleveland Guardians,Daniel Schneemann,0,2,-.--,.500,1.000,0,0,0,1,1,0,0,-.--,0,1,0,0,1,9,.500,1.500,2,0,1,0,0,1.000,.---,0,1,2,0
2026/03/27,True,Texas Rangers,Evan Carter,1,2,-.--,.000,.000,0,0,0,0,1,0,1,1.00,0,0,0,0,1,7,.000,.000,2,0,0,0,0,.000,.---,0,0,0,0
2026/03/27,True,Pittsburgh Pirates,Oneil Cruz,0,5,-.--,.200,.500,0,0,0,0,1,0,1,1.00,0,1,0,0,2,27,.200,.400,5,0,1,0,0,.200,.---,0,3,1,0
2026/03/27,True,San Diego Padres,Ramón Laureano,2,4,4.00,.250,.000,0,0,0,0,1,0,0,0.00,0,1,1,0,0,15,.250,1.250,4,1,1,0,0,1.000,.---,0,1,4,0
2026/03/27,True,New York Yankees,Jazz Chisholm,0,3,-.--,.333,.333,0,0,0,0,1,0,2,2.00,1,1,0,0,1,8,.500,.833,4,0,1,0,0,.333,1.000,1,0,1,0
2026/03/27,True,Milwaukee Brewers,Jake Bauers,1,5,5.00,.400,.500,0,0,0,0,1,0,0,0.00,0,2,1,0,2,16,.400,1.400,5,3,2,0,0,1.000,.---,0,2,5,0
2026/03/27,True,New York Yankees,Cody Bellinger,1,5,-.--,.200,.333,0,0,0,0,1,0,1,1.00,0,1,0,0,2,17,.200,.400,5,0,1,0,0,.200,.---,0,2,1,0
2026/03/27,True,San Diego Padres,Nick Castellanos,1,1,-.--,.000,.000,0,0,0,0,1,0,0,0.00,0,0,0,0,3,3,.000,.000,1,0,0,0,0,.000,.---,0,0,0,0
2026/03/27,True,St. Louis Cardinals,Ramón Urías,0,0,-.--,.000,.---,0,0,0,0,1,0,0,-.--,0,0,0,0,0,0,.000,.000,0,0,0,0,0,.000,.---,0,0,0,0
2026/03/27,True,San Diego Padres,Gavin Sheets,1,3,-.--,.000,.000,0,0,0,0,1,0,2,2.00,0,0,0,0,0,6,.000,.000,3,0,0,0,0,.000,.---,0,0,0,0
2026/03/27,True,Seattle Mariners,Luke Raley,1,4,4.00,.250,.000,0,0,0,0,1,0,0,0.00,0,1,1,0,1,11,.250,1.250,4,1,1,0,0,1.000,.---,0,2,4,0
2026/03/27,True,Washington Nationals,Andrés Chaparro,1,3,-.--,.667,.667,0,0,0,1,1,0,0,0.00,0,2,0,0,0,7,.667,1.667,3,0,1,0,0,1.000,.---,0,0,3,0
2026/03/27,True,Chicago White Sox,Miguel Vargas,0,3,-.--,.000,.---,1,0,0,0,1,0,0,-.--,0,0,0,0,1,21,.250,.250,4,0,0,0,0,.000,.---,0,3,0,0
2026/03/27,True,Philadelphia Phillies,Bryce Harper,1,4,-.--,.000,.000,0,0,0,0,1,0,1,1.00,0,0,0,0,2,14,.000,.000,4,0,0,0,0,.000,.---,0,2,0,0
2026/03/27,True,Boston Red Sox,Carlos Narváez,1,3,-.--,.333,.500,0,0,0,0,1,0,1,1.00,0,1,0,0,1,11,.333,.666,4,0,0,1,0,.333,.---,0,1,1,0
2026/03/27,True,Texas Rangers,Wyatt Langford,0,4,-.--,.000,.000,0,0,0,0,1,0,2,2.00,0,0,0,0,1,20,.000,.000,4,0,0,0,0,.000,.---,0,2,0,0
2026/03/27,True,Tampa Bay Rays,Jonathan Aranda,1,4,4.00,.500,.333,1,0,0,0,1,0,1,1.00,0,2,1,0,1,18,.500,1.750,6,2,1,0,1,1.250,.---,0,1,5,0
2026/03/27,True,San Diego Padres,Freddy Fermin,1,3,-.--,.000,.000,1,0,0,0,1,0,1,1.00,0,0,0,0,0,19,.250,.250,4,0,0,0,0,.000,.---,0,1,0,0
2026/03/27,True,Boston Red Sox,Willson Contreras,2,4,-.--,.000,.000,1,0,0,0,1,0,1,0.50,0,0,0,0,3,20,.200,.200,5,0,0,0,0,.000,.---,0,1,0,0
2026/03/27,True,Seattle Mariners,Dominic Canzone,1,4,2.00,.500,.000,0,0,0,0,1,0,1,1.00,0,2,2,0,0,14,.500,2.500,4,2,2,0,0,2.000,.---,0,0,8,0
2026/03/27,True,Chicago Cubs,Dansby Swanson,0,2,-.--,.000,.000,2,0,0,0,1,0,2,2.00,0,0,0,0,2,23,.500,.500,4,1,1,0,0,.000,.---,0,0,0,0
2026/03/27,True,Houston Astros,Carlos Correa,1,4,-.--,.000,.000,0,0,0,0,1,0,2,2.00,0,0,0,0,3,16,.000,.000,4,0,0,0,0,.000,.---,0,1,0,0
2026/03/27,True,Chicago White Sox,Chase Meidroth,0,2,2.00,.500,.---,2,0,0,0,1,0,0,-.--,0,1,1,0,0,23,.750,2.750,4,1,1,0,0,2.000,.---,0,1,4,0
2026/03/27,True,Los Angeles Angels,Josh Lowe,2,4,-.--,.000,.000,0,0,0,0,1,0,0,0.00,0,0,0,0,5,24,.000,.000,4,0,0,0,0,.000,.---,0,2,0,0
2026/03/27,True,Minnesota Twins,Matt Wallner,0,2,-.--,.000,.000,2,0,0,0,1,0,1,1.00,0,0,0,0,1,20,.500,.500,4,0,0,0,0,.000,.---,0,1,0,0
2026/03/27,True,Los Angeles Dodgers,Freddie Freeman,2,4,-.--,.000,.000,1,0,0,0,1,0,2,1.00,0,0,0,0,5,17,.200,.200,5,0,0,0,0,.000,.---,0,0,0,0
2026/03/27,True,Milwaukee Brewers,David Hamilton,1,2,-.--,.500,.500,2,1,0,0,1,0,0,0.00,0,1,0,0,0,26,.750,1.250,5,1,2,0,0,.500,1.000,1,0,1,0
2026/03/27,True,Tampa Bay Rays,Jake Fraley,0,1,-.--,1.000,1.000,0,0,0,0,1,0,0,-.--,0,1,0,0,0,2,1.000,2.000,1,0,0,0,0,1.000,.---,0,0,1,0
2026/03/27,True,Los Angeles Angels,Jo Adell,0,3,-.--,.667,.667,1,0,0,0,1,0,1,1.00,1,2,0,0,1,15,.800,1.467,5,0,1,0,0,.667,.---,0,0,2,0
2026/03/27,True,New York Yankees,Aaron Judge,0,5,-.--,.000,.000,0,0,0,0,1,0,1,1.00,0,0,0,0,4,24,.000,.000,5,0,0,0,0,.000,.---,0,4,0,0
2026/03/27,True,Cincinnati Reds,Will Benson,0,1,-.--,.000,.---,0,0,0,0,1,0,0,-.--,0,0,0,0,1,4,.000,.000,1,0,0,0,0,.000,.---,0,1,0,0
2026/03/27,True,New York Mets,Bo Bichette,2,4,-.--,.000,.000,0,0,0,0,1,0,0,0.00,0,0,0,0,5,26,.000,.000,5,1,0,0,1,.000,.---,0,3,0,0
2026/03/27,True,Los Angeles Dodgers,Max Muncy,0,2,-.--,.500,1.000,2,0,0,0,1,0,0,-.--,0,1,0,0,3,22,.750,1.250,4,0,1,0,0,.500,.---,0,1,1,0
2026/03/27,True,Texas Rangers,Kyle Higashioka,0,1,-.--,1.000,1.000,0,0,0,0,1,0,0,-.--,0,1,0,0,0,6,1.000,2.000,1,0,1,0,0,1.000,.---,0,0,1,0
2026/03/27,True,Cincinnati Reds,Noelvi Marte,0,2,-.--,.000,.---,0,0,0,0,1,0,0,-.--,0,0,0,0,3,10,.000,.000,2,0,0,0,0,.000,.---,0,2,0,0
2026/03/27,True,New York Mets,Francisco Alvarez,2,4,4.00,.500,.333,0,0,0,0,1,0,0,0.00,1,2,1,0,2,19,.600,1.850,5,1,2,0,0,1.250,.---,0,0,5,0
2026/03/27,True,San Diego Padres,Manny Machado,1,3,-.--,.333,.500,1,0,0,0,1,0,0,0.00,0,1,0,0,1,12,.500,.833,4,0,0,0,0,.333,.---,0,1,1,0
2026/03/27,True,Cleveland Guardians,Angel Martínez,1,2,-.--,.000,.000,0,0,0,0,1,0,0,0.00,0,0,0,0,3,12,.000,.000,2,0,0,0,0,.000,.---,0,1,0,0
2026/03/27,True,Chicago White Sox,Luisangel Acuña,1,3,-.--,.333,.333,0,0,0,0,1,0,1,1.00,0,1,0,0,0,8,.333,.666,3,0,0,0,0,.333,.---,0,0,1,0
2026/03/27,True,St. Louis Cardinals,Pedro Pagés,2,4,-.--,.250,.250,0,0,0,0,1,1,1,0.50,0,1,0,0,3,18,.250,.500,4,0,1,0,0,.250,.---,0,0,1,0
2026/03/27,True,Cleveland Guardians,Bo Naylor,2,5,-.--,.000,.000,0,0,0,0,1,1,2,1.00,0,0,0,0,2,21,.000,.000,5,0,0,0,0,.000,.---,0,1,0,0
2026/03/27,True,Minnesota Twins,Brooks Lee,0,3,-.--,.000,.000,0,0,0,0,1,0,1,1.00,0,0,0,0,3,9,.000,.000,3,0,0,0,0,.000,.---,0,2,0,0
2026/03/27,True,Texas Rangers,Joc Pederson,1,1,-.--,.000,.000,0,0,0,0,1,0,0,0.00,0,0,0,0,1,2,.000,.000,1,0,0,0,0,.000,.---,0,0,0,0
2026/03/27,True,Philadelphia Phillies,J.T. Realmuto,0,3,-.--,.000,.---,0,0,0,0,1,0,0,-.--,1,0,0,0,1,16,.250,.250,4,0,0,0,0,.000,.---,0,3,0,0
2026/03/27,True,Washington Nationals,Joey Wiemer,0,3,3.00,1.000,1.000,1,0,0,0,1,0,0,-.--,0,3,1,0,0,12,1.000,3.000,4,1,2,0,0,2.000,.---,0,0,6,0
2026/03/27,True,Detroit Tigers,Colt Keith,1,5,-.--,.400,.500,0,0,0,0,1,0,1,1.00,0,2,0,0,2,19,.400,.800,5,0,1,0,0,.400,.---,0,1,2,0
2026/03/27,True,New York Yankees,Ryan McMahon,0,3,-.--,.333,1.000,1,0,0,0,1,0,0,-.--,0,1,0,0,1,18,.500,.833,4,2,1,0,0,.333,.---,0,2,1,0
2026/03/27,True,Houston Astros,Jose Altuve,0,3,-.--,.000,.000,1,0,0,0,1,0,3,3.00,0,0,0,0,1,13,.250,.250,4,0,0,0,0,.000,.---,0,0,0,0
2026/03/27,True,Houston Astros,Christian Walker,0,3,-.--,.333,.333,0,0,0,1,1,0,2,2.00,0,1,0,0,2,9,.333,1.000,3,0,0,0,0,.667,.---,0,0,2,0
2026/03/27,True,Cincinnati Reds,Elly De La Cruz,0,4,-.--,.250,.500,0,0,0,0,1,0,1,1.00,0,1,0,0,0,10,.250,.500,4,0,0,0,0,.250,.---,0,2,1,0
2026/03/27,True,Houston Astros,Yordan Alvarez,1,3,-.--,.000,.000,1,0,0,0,1,0,1,1.00,0,0,0,1,2,8,.250,.250,4,0,0,0,0,.000,.---,0,1,0,0
2026/03/27,True,St. Louis Cardinals,Jordan Walker,1,4,-.--,.250,.250,0,0,0,1,1,0,2,2.00,0,1,0,0,0,9,.250,.750,4,0,1,0,0,.500,.---,0,0,2,0
2026/03/27,True,St. Louis Cardinals,Masyn Winn,2,5,-.--,.200,.250,0,0,0,1,1,0,1,0.50,0,1,0,0,4,23,.200,.600,5,0,1,0,0,.400,.---,0,1,2,0
2026/03/27,True,Minnesota Twins,Byron Buxton,1,4,-.--,.250,.333,0,0,0,0,1,0,1,1.00,0,1,0,0,1,13,.250,1.000,4,0,1,0,0,.750,.---,0,1,3,1
2026/03/27,True,Baltimore Orioles,Tyler O'Neill,1,2,-.--,.500,.500,1,0,0,0,1,0,0,0.00,0,1,0,0,0,14,.667,1.167,3,0,1,0,0,.500,.---,0,0,1,0
2026/03/27,True,Houston Astros,Isaac Paredes,2,3,-.--,.000,.000,1,0,0,0,1,0,0,0.00,0,0,0,0,0,24,.250,.250,4,0,0,0,0,.000,.---,0,1,0,0
2026/03/27,True,Detroit Tigers,Kevin McGonigle,1,5,-.--,.800,.800,0,0,0,2,1,0,0,0.00,0,4,0,0,0,17,.800,2.000,5,2,2,0,0,1.200,.---,0,0,6,0
2026/03/27,True,Washington Nationals,CJ Abrams,1,4,-.--,.250,.333,0,0,0,0,1,0,1,1.00,0,1,0,0,1,13,.250,.500,4,2,0,0,0,.250,.---,0,1,1,0
2026/03/27,True,Baltimore Orioles,Taylor Ward,3,4,-.--,.000,.000,0,0,0,0,1,0,1,0.33,0,0,0,0,1,16,.000,.000,4,0,0,0,0,.000,.---,0,0,0,0
2026/03/27,True,Minnesota Twins,Josh Bell,0,3,-.--,.000,.---,1,0,0,0,1,0,0,-.--,0,0,0,0,3,20,.250,.250,4,0,0,0,0,.000,.---,0,3,0,0
2026/03/27,True,Los Angeles Dodgers,Mookie Betts,1,4,-.--,.250,.333,0,0,0,0,1,0,1,1.00,1,1,0,0,3,15,.400,.650,5,1,1,0,0,.250,.---,0,1,1,0
2026/03/27,True,Boston Red Sox,Ceddanne Rafaela,1,4,-.--,.500,.500,0,0,0,0,1,1,1,1.00,0,2,0,0,3,15,.500,1.000,4,1,0,0,0,.500,.---,0,0,2,0
2026/03/27,True,Detroit Tigers,Riley Greene,1,4,-.--,.000,.000,1,0,0,0,1,0,1,1.00,0,0,0,0,1,21,.200,.200,5,0,1,0,0,.000,.---,0,2,0,0
2026/03/27,True,Texas Rangers,Andrew McCutchen,0,2,-.--,.500,1.000,0,0,0,1,1,0,0,-.--,0,1,0,0,2,11,.500,1.500,2,0,0,0,0,1.000,.---,0,1,2,0
2026/03/27,True,Milwaukee Brewers,Christian Yelich,0,4,-.--,.500,.500,1,0,0,0,1,0,2,2.00,0,2,0,0,2,20,.600,1.100,5,1,2,0,0,.500,.---,0,0,2,0
2026/03/27,True,Arizona Diamondbacks,Corbin Carroll,2,4,-.--,.250,.250,0,0,0,0,1,0,1,0.50,0,1,0,0,0,15,.250,.500,4,0,1,0,0,.250,.---,0,0,1,0
2026/03/27,True,Minnesota Twins,Victor Caratini,1,3,-.--,.333,.333,1,0,0,0,1,1,1,1.00,0,1,0,0,4,15,.500,.833,4,0,0,0,0,.333,.---,0,0,1,0
2026/03/27,True,Baltimore Orioles,Gunnar Henderson,0,4,-.--,.000,.000,0,0,0,0,1,0,2,2.00,0,0,0,0,0,13,.000,.000,4,0,0,0,0,.000,.---,0,2,0,0
2026/03/27,True,San Diego Padres,Miguel Andujar,1,3,-.--,.000,.000,1,0,0,0,1,0,2,2.00,0,0,0,0,2,13,.250,.250,4,0,0,0,0,.000,.---,0,0,0,0
2026/03/27,True,New York Mets,Marcus Semien,2,5,-.--,.400,.500,0,0,0,1,1,0,0,0.00,0,2,0,0,0,11,.400,1.000,5,1,0,0,0,.600,.---,0,1,3,0
2026/03/27,True,Cincinnati Reds,TJ Friedl,1,4,-.--,.000,.000,0,0,0,0,1,0,2,2.00,0,0,0,0,1,11,.000,.000,4,0,0,0,0,.000,.---,0,1,0,0
2026/03/27,True,Washington Nationals,Nasim Nuñez,0,2,-.--,.000,.000,1,0,0,0,1,0,1,1.00,1,0,0,0,0,17,.500,.500,4,1,1,0,0,.000,1.000,1,1,0,0
2026/03/27,True,San Francisco Giants,Luis Arraez,0,3,-.--,.333,.333,1,0,0,0,1,0,2,2.00,0,1,0,0,0,15,.500,.833,4,0,0,0,0,.333,.---,0,0,1,0
2026/03/27,True,San Francisco Giants,Rafael Devers,2,4,-.--,.250,.250,0,0,0,0,1,0,1,0.50,0,1,0,0,2,11,.250,.500,4,0,0,0,0,.250,.---,0,0,1,0
2026/03/27,True,New York Mets,Brett Baty,1,5,-.--,.200,.333,0,0,0,0,1,0,1,1.00,0,1,0,0,5,25,.200,.800,5,3,1,0,0,.600,.---,0,2,3,1
2026/03/27,True,New York Yankees,Giancarlo Stanton,0,4,-.--,.500,.667,0,0,0,0,1,0,1,1.00,0,2,0,0,1,11,.500,1.000,4,1,1,0,0,.500,.---,0,1,2,0
2026/03/27,True,Los Angeles Angels,Zach Neto,2,5,-.--,.000,.000,0,0,0,0,1,0,2,1.00,0,0,0,0,2,16,.000,.000,5,0,0,0,0,.000,.---,0,1,0,0
2026/03/27,True,Detroit Tigers,Gleyber Torres,1,4,-.--,.250,.250,1,0,0,0,1,0,2,2.00,0,1,0,0,0,18,.400,.650,5,0,1,0,0,.250,.---,0,0,1,0
2026/03/27,True,Tampa Bay Rays,Junior Caminero,0,2,-.--,.500,1.000,4,0,0,0,1,0,0,-.--,0,1,0,0,2,36,.833,1.333,6,0,1,0,0,.500,.---,0,1,1,0
2026/03/27,True,Tampa Bay Rays,Yandy Díaz,0,5,-.--,.600,.600,1,0,0,0,1,0,2,2.00,0,3,0,0,2,14,.667,1.267,6,0,1,0,0,.600,.---,0,0,3,0
2026/03/27,True,St. Louis Cardinals,Victor Scott,0,4,-.--,.750,.750,0,0,0,0,1,0,1,1.00,0,3,0,0,1,10,.750,1.500,4,0,1,0,0,.750,1.000,2,0,3,0
2026/03/27,True,Washington Nationals,James Wood,0,5,-.--,.000,.000,0,0,0,0,1,0,1,1.00,0,0,0,0,1,19,.000,.000,5,0,0,0,0,.000,.---,0,4,0,0
2026/03/27,True,Milwaukee Brewers,Joey Ortiz,1,3,-.--,.667,.667,0,0,0,0,1,0,0,0.00,0,2,0,0,1,12,.667,1.334,3,2,2,0,0,.667,.---,0,0,2,0
2026/03/27,True,St. Louis Cardinals,Iván Herrera,1,4,-.--,.000,.000,0,0,0,0,1,0,4,4.00,0,0,0,0,2,18,.000,.000,5,1,0,0,1,.000,.---,0,0,0,0
2026/03/27,True,Philadelphia Phillies,Adolis García,1,4,-.--,.000,.000,0,0,0,0,1,0,1,1.00,0,0,0,0,3,21,.000,.000,4,0,0,0,0,.000,.---,0,2,0,0
2026/03/27,True,San Diego Padres,Jake Cronenworth,1,4,-.--,.000,.000,0,0,0,0,1,0,2,2.00,0,0,0,0,1,14,.000,.000,4,0,0,0,0,.000,.---,0,1,0,0
2026/03/27,True,St. Louis Cardinals,JJ Wetherholt,2,4,4.00,.250,.000,0,0,0,0,1,0,1,0.50,0,1,1,0,2,18,.200,1.200,5,2,1,0,1,1.000,.---,0,1,4,0
2026/03/27,True,Pittsburgh Pirates,Spencer Horwitz,2,4,-.--,.000,.000,0,0,0,0,1,0,1,0.50,0,0,0,0,2,12,.000,.000,4,0,0,0,0,.000,.---,0,1,0,0
2026/03/27,True,Chicago White Sox,Colson Montgomery,1,4,-.--,.000,.000,0,0,0,0,1,0,0,0.00,0,0,0,0,3,16,.000,.000,4,0,0,0,0,.000,.---,0,3,0,0
2026/03/27,True,Washington Nationals,Daylen Lile,2,5,-.--,.200,.333,0,0,0,0,1,0,0,0.00,0,1,0,0,1,15,.200,.400,5,1,1,0,0,.200,.---,0,2,1,0
2026/03/27,True,San Francisco Giants,Heliot Ramos,0,4,-.--,.250,.500,0,0,0,0,1,0,1,1.00,0,1,0,0,1,19,.250,.500,4,0,0,0,0,.250,.---,0,2,1,0
2026/03/27,True,Chicago Cubs,Pete Crow-Armstrong,1,5,-.--,.400,.667,0,0,0,0,1,0,0,0.00,0,2,0,0,3,17,.400,.800,5,2,0,0,0,.400,.---,0,2,2,0
2026/03/27,True,Baltimore Orioles,Coby Mayo,1,2,-.--,.000,.000,1,0,0,0,1,0,0,0.00,0,0,0,0,1,18,.333,.333,3,0,0,0,0,.000,1.000,1,1,0,0
2026/03/27,True,San Diego Padres,Xander Bogaerts,2,4,-.--,.500,.500,0,0,0,1,1,0,0,0.00,0,2,0,0,1,17,.500,1.250,4,1,0,0,0,.750,.---,0,0,3,0
2026/03/27,True,Washington Nationals,Luis García,1,2,-.--,.000,.000,0,0,0,0,1,0,1,1.00,0,0,0,0,1,4,.000,.000,2,0,1,0,0,.000,.---,0,0,0,0
2026/03/27,True,Washington Nationals,Brady House,0,5,5.00,.400,.500,0,0,0,0,1,0,1,1.00,0,2,1,0,1,16,.400,1.400,5,2,2,0,0,1.000,.---,0,2,5,0
2026/03/27,True,Arizona Diamondbacks,Jordan Lawlar,0,3,-.--,.333,.500,0,0,0,1,1,0,1,1.00,0,1,0,0,1,16,.333,1.000,3,0,0,0,0,.667,.---,0,1,2,0
2026/03/27,True,Boston Red Sox,Marcelo Mayer,0,2,-.--,1.000,1.000,0,0,0,1,1,0,0,-.--,0,2,0,0,0,5,1.000,2.500,2,0,2,0,0,1.500,.---,0,0,3,0
2026/03/27,True,Detroit Tigers,Spencer Torkelson,1,4,-.--,.250,.500,1,0,0,0,1,0,0,0.00,0,1,0,0,0,25,.400,.650,5,1,2,0,0,.250,.---,0,2,1,0
2026/03/27,True,Milwaukee Brewers,Luis Rengifo,1,2,-.--,.000,.000,0,0,0,0,1,0,1,1.00,0,0,0,0,3,9,.000,.000,2,0,0,0,0,.000,.---,0,0,0,0
2026/03/27,True,Tampa Bay Rays,Chandler Simpson,1,3,-.--,.333,.333,0,0,0,0,1,0,1,1.00,0,1,0,0,2,7,.333,.666,3,1,1,0,0,.333,.---,0,0,1,0
2026/03/27,True,San Francisco Giants,Willy Adames,2,4,-.--,.000,.000,0,0,0,0,1,0,1,0.50,0,0,0,0,2,14,.000,.000,4,0,0,0,0,.000,.---,0,1,0,0
2026/03/27,True,Milwaukee Brewers,Andrew Vaughn,0,4,-.--,.250,.250,0,0,0,0,1,0,3,3.00,0,1,0,0,1,13,.250,.500,4,1,0,0,0,.250,.---,0,0,1,0
2026/03/27,True,Chicago Cubs,Michael Busch,0,4,-.--,.750,.750,1,0,0,2,1,0,1,1.00,0,3,0,0,2,17,.800,2.050,5,1,2,0,0,1.250,.---,0,0,5,0
2026/03/27,True,Milwaukee Brewers,Blake Perkins,1,1,-.--,.000,.000,0,0,0,0,1,0,0,0.00,0,0,0,0,0,5,.000,.000,1,0,0,0,0,.000,.---,0,0,0,0
2026/03/27,True,Cincinnati Reds,Dane Myers,1,1,-.--,.000,.000,0,0,0,0,1,0,0,0.00,0,0,0,0,0,5,.000,.000,1,0,0,0,0,.000,.---,0,0,0,0
2026/03/27,True,Tampa Bay Rays,Carson Williams,2,5,-.--,.200,.250,0,0,0,0,1,0,1,0.50,0,1,0,0,2,15,.200,.400,5,0,1,0,0,.200,.---,0,1,1,0
2026/03/27,True,New York Yankees,Ben Rice,0,4,-.--,.250,.500,1,0,0,0,1,0,1,1.00,0,1,0,0,0,16,.400,.650,5,0,1,0,0,.250,.---,0,2,1,0
2026/03/27,True,Chicago White Sox,Edgar Quero,0,3,-.--,.000,.000,0,0,0,0,1,0,1,1.00,0,0,0,0,3,10,.000,.000,3,0,0,0,0,.000,.---,0,2,0,0
2026/03/27,True,Tampa Bay Rays,Ben Williamson,1,4,-.--,.750,.750,0,0,0,0,1,0,0,0.00,0,3,0,0,2,13,.750,1.500,4,1,1,0,0,.750,.---,0,0,3,0
2026/03/27,True,New York Mets,Jorge Polanco,1,3,-.--,.333,.500,2,0,0,0,1,0,0,0.00,0,1,0,0,2,18,.600,.933,5,1,1,0,0,.333,.---,0,1,1,0
2026/03/27,True,Washington Nationals,Jacob Young,1,4,4.00,.250,.000,0,0,0,0,1,0,1,1.00,0,1,1,0,0,15,.250,1.250,4,2,1,0,0,1.000,.---,0,1,4,0
2026/03/27,True,Los Angeles Dodgers,Teoscar Hernández,1,4,-.--,.250,.250,0,0,0,0,1,1,2,2.00,0,1,0,0,2,13,.250,.500,4,0,1,0,0,.250,.---,0,0,1,0
2026/03/27,True,Chicago Cubs,Nico Hoerner,0,4,-.--,.000,.000,0,0,0,0,1,1,3,3.00,0,0,0,0,4,17,.000,.000,4,0,1,0,0,.000,.---,0,1,0,0
2026/03/28,True,Athletics,Brent Rooker,1,4,-.--,.000,.000,0,0,0,0,1,0,0,0.00,0,0,0,0,3,13,.000,.000,4,0,0,0,0,.000,.---,0,3,0,0
2026/03/28,True,Atlanta Braves,Austin Riley,0,3,-.--,1.000,1.000,1,0,0,0,1,0,0,-.--,0,3,0,0,0,16,1.000,2.000,4,0,1,0,0,1.000,.---,0,0,3,0
2026/03/28,True,Milwaukee Brewers,Brandon Lockridge,0,1,-.--,.000,.000,0,0,0,0,1,0,1,1.00,0,0,0,0,2,4,.000,.000,1,0,2,0,0,.000,.---,0,0,0,0
2026/03/28,True,Minnesota Twins,Trevor Larnach,0,1,-.--,.000,.---,0,0,0,0,1,0,0,-.--,0,0,0,0,1,4,.000,.000,1,0,0,0,0,.000,.---,0,1,0,0
2026/03/28,True,Cincinnati Reds,Ke'Bryan Hayes,3,3,-.--,.000,.000,0,0,0,0,1,0,0,0.00,0,0,0,0,2,9,.000,.000,3,0,0,0,0,.000,.---,0,0,0,0
2026/03/28,True,Los Angeles Dodgers,Kyle Tucker,1,7,-.--,.286,.400,2,0,0,1,2,0,2,2.00,0,2,0,0,3,41,.444,.873,9,2,2,0,0,.429,1.000,1,2,3,0
2026/03/28,True,Seattle Mariners,Josh Naylor,1,8,-.--,.000,.000,0,0,0,0,2,1,7,7.00,0,0,0,0,3,18,.000,.000,8,0,0,0,0,.000,.---,0,0,0,0
2026/03/28,True,Kansas City Royals,Jonathan India,2,3,-.--,.000,.000,1,0,0,0,1,0,0,0.00,0,0,0,0,0,14,.250,.250,4,0,0,0,0,.000,.---,0,1,0,0
2026/03/28,True,Chicago White Sox,Andrew Benintendi,0,2,-.--,.000,.---,0,0,0,0,1,0,0,-.--,0,0,0,0,0,10,.000,.000,2,0,0,0,0,.000,.---,0,2,0,0
2026/03/28,True,Seattle Mariners,Cal Raleigh,0,7,-.--,.000,.---,1,0,0,0,2,0,0,-.--,0,0,0,0,5,46,.125,.125,8,0,0,0,0,.000,.---,0,7,0,0
2026/03/28,True,Tampa Bay Rays,Nick Fortes,1,4,-.--,.750,.750,0,0,0,0,1,0,0,0.00,0,3,0,0,0,13,.750,1.500,4,1,1,0,0,.750,.---,0,0,3,0
2026/03/28,True,New York Yankees,Trent Grisham,2,6,-.--,.167,.200,1,0,0,0,2,0,2,1.00,0,1,0,0,4,30,.286,.786,7,2,0,0,0,.500,.---,0,1,3,1
2026/03/28,True,Atlanta Braves,Mauricio Dubón,1,4,-.--,.250,.500,0,0,0,1,1,0,0,0.00,0,1,0,0,2,10,.250,.750,4,2,0,0,0,.500,.---,0,2,2,0
2026/03/28,True,Chicago White Sox,Tristan Peters,0,1,-.--,.000,.---,0,0,0,0,1,0,0,-.--,0,0,0,0,0,6,.000,.000,1,0,0,0,0,.000,.---,0,1,0,0
2026/03/28,True,Miami Marlins,Graham Pauley,0,0,-.--,.000,.---,0,0,0,0,1,0,0,-.--,0,0,0,0,0,0,.000,.000,0,0,0,0,0,.000,.---,0,0,0,0
2026/03/28,True,Arizona Diamondbacks,Ketel Marte,2,9,9.00,.222,.167,0,0,0,0,2,0,3,1.50,0,2,1,0,3,47,.222,.778,9,1,1,0,0,.556,.---,0,2,5,0
2026/03/28,True,Athletics,Denzel Clarke,0,2,-.--,.000,.000,0,0,0,0,1,0,1,1.00,0,0,0,0,0,9,.000,.000,2,0,0,0,0,.000,.---,0,1,0,0
2026/03/28,True,Detroit Tigers,Matt Vierling,1,2,-.--,.000,.000,0,0,0,0,1,0,1,1.00,0,0,0,0,2,8,.000,.000,2,0,0,0,0,.000,.---,0,0,0,0
2026/03/28,True,Texas Rangers,Danny Jansen,2,4,-.--,.250,.250,0,0,0,0,1,0,1,0.50,0,1,0,0,0,16,.250,.500,4,1,0,0,0,.250,.---,0,0,1,0
2026/03/28,True,Boston Red Sox,Isiah Kiner-Falefa,0,2,-.--,.000,.000,0,0,0,0,1,0,1,1.00,0,0,0,0,1,5,.000,.000,2,0,0,0,0,.000,.---,0,1,0,0
2026/03/28,True,Cincinnati Reds,Tyler Stephenson,2,3,-.--,.000,.000,1,0,0,0,1,0,1,0.50,0,0,0,0,2,15,.250,.250,4,0,0,0,0,.000,.---,0,0,0,0
2026/03/28,True,Athletics,Jeff McNeil,1,2,-.--,.000,.000,1,0,0,0,1,0,0,0.00,0,0,0,0,0,20,.333,.333,3,0,0,0,0,.000,.---,0,1,0,0
2026/03/28,True,Chicago Cubs,Ian Happ,1,5,-.--,.200,.500,0,0,0,0,1,0,0,0.00,0,1,0,0,5,16,.200,.400,5,0,0,0,0,.200,.---,0,3,1,0
2026/03/28,True,San Diego Padres,Ty France,0,3,-.--,.000,.000,0,0,0,0,1,0,1,1.00,0,0,0,0,4,13,.000,.000,3,0,0,0,0,.000,.---,0,2,0,0
2026/03/28,True,Pittsburgh Pirates,Brandon Lowe,0,4,2.00,.500,.000,0,0,0,0,1,0,2,2.00,0,2,2,0,1,14,.500,2.500,4,3,2,0,0,2.000,.---,0,0,8,0
2026/03/28,True,San Francisco Giants,Harrison Bader,2,6,-.--,.000,.000,0,0,0,0,2,0,1,0.50,0,0,0,0,1,22,.000,.000,6,0,0,0,0,.000,.---,0,3,0,0
2026/03/28,True,Texas Rangers,Sam Haggerty,0,2,-.--,.000,.---,0,0,0,0,1,0,0,-.--,0,0,0,0,0,9,.000,.000,2,0,0,0,0,.000,.---,0,2,0,0
2026/03/28,True,Cleveland Guardians,Kyle Manzardo,0,8,-.--,.125,.333,1,0,0,0,2,0,2,2.00,0,1,0,0,1,47,.222,.347,9,0,0,0,0,.125,.---,0,5,1,0
2026/03/28,True,Tampa Bay Rays,Jonny DeLuca,1,4,-.--,.500,.500,0,0,0,0,1,0,1,1.00,0,2,0,0,4,12,.500,1.000,4,2,0,0,0,.500,.---,0,0,2,0
2026/03/28,True,San Francisco Giants,Patrick Bailey,2,6,-.--,.000,.000,0,0,0,0,2,0,2,1.00,0,0,0,0,1,25,.000,.000,6,0,0,0,0,.000,.---,0,2,0,0
2026/03/28,True,Toronto Blue Jays,Ernie Clement,0,4,-.--,.500,.500,0,0,0,2,1,0,2,2.00,0,2,0,0,1,10,.500,1.500,4,0,1,0,0,1.000,.---,0,0,4,0
2026/03/28,True,New York Yankees,Randal Grichuk,2,2,-.--,.000,.000,0,0,0,0,1,0,0,0.00,0,0,0,0,2,7,.000,.000,2,0,0,0,0,.000,.---,0,0,0,0
2026/03/28,True,Seattle Mariners,Randy Arozarena,3,5,-.--,.200,.250,3,0,0,1,2,0,0,0.00,0,1,0,0,0,29,.500,.900,8,0,2,0,0,.400,1.000,1,1,2,0
2026/03/28,True,Los Angeles Angels,Mike Trout,1,6,3.00,.667,.667,4,0,0,0,2,0,0,0.00,0,4,2,0,0,49,.800,2.467,10,2,2,0,0,1.667,1.000,1,1,10,0
2026/03/28,True,Tampa Bay Rays,Hunter Feduccia,0,1,-.--,.000,.---,0,0,0,0,1,0,0,-.--,0,0,0,0,1,5,.000,.000,1,0,0,0,0,.000,.---,0,1,0,0
2026/03/28,True,Cleveland Guardians,Gabriel Arias,1,7,-.--,.143,.250,0,0,0,0,2,0,2,2.00,0,1,0,0,6,19,.143,.286,7,0,0,0,0,.143,.---,0,3,1,0
2026/03/28,True,St. Louis Cardinals,Alec Burleson,1,4,4.00,.750,.667,1,0,0,0,1,0,0,0.00,0,3,1,1,0,19,.800,2.300,5,2,2,0,0,1.500,.---,0,0,6,0
2026/03/28,True,Cincinnati Reds,Matt McLain,2,3,-.--,.000,.000,1,0,0,0,1,0,0,0.00,0,0,0,0,0,18,.250,.250,4,0,0,0,0,.000,.---,0,1,0,0
2026/03/28,True,Toronto Blue Jays,Alejandro Kirk,2,4,-.--,.000,.000,0,0,0,0,1,0,2,1.00,0,0,0,0,1,16,.000,.000,4,0,0,0,0,.000,.---,0,0,0,0
2026/03/28,True,Kansas City Royals,Starling Marte,1,3,-.--,.000,.000,0,0,0,0,1,0,1,1.00,0,0,0,0,2,11,.000,.000,3,0,0,0,0,.000,.---,0,1,0,0
2026/03/28,True,Los Angeles Angels,Yoán Moncada,2,7,-.--,.143,.200,3,0,0,0,2,0,2,1.00,0,1,0,0,8,37,.400,.543,10,0,1,0,0,.143,.---,0,2,1,0
2026/03/28,True,Tampa Bay Rays,Richie Palacios,0,2,-.--,.000,.000,0,0,0,0,1,0,1,1.00,0,0,0,0,3,6,.000,.000,2,0,0,0,0,.000,.---,0,1,0,0
2026/03/28,True,New York Yankees,José Caballero,2,8,-.--,.375,.375,0,0,0,0,2,1,3,1.50,0,3,0,0,6,25,.375,.750,8,1,1,0,0,.375,1.000,1,0,3,0
2026/03/28,True,Arizona Diamondbacks,Gabriel Moreno,5,8,-.--,.250,.286,0,0,0,0,2,0,0,0.00,0,2,0,0,1,30,.250,.500,8,0,1,0,0,.250,.---,0,1,2,0
2026/03/28,True,Toronto Blue Jays,Addison Barger,2,4,-.--,.000,.000,0,0,0,0,1,1,1,0.50,0,0,0,0,3,15,.000,.000,4,0,0,0,0,.000,.---,0,1,0,0
2026/03/28,True,Minnesota Twins,Luke Keaschall,2,3,-.--,.333,.250,0,0,0,0,1,0,1,0.50,0,1,0,0,0,16,.250,.583,4,1,0,0,1,.333,.---,0,0,1,0
2026/03/28,True,Chicago Cubs,Matt Shaw,1,3,-.--,.000,.000,0,0,0,0,1,0,2,2.00,0,0,0,0,3,19,.000,.000,3,0,0,0,0,.000,.---,0,0,0,0
2026/03/28,True,Los Angeles Dodgers,Shohei Ohtani,2,6,-.--,.167,.200,2,0,0,0,2,0,2,1.00,1,1,0,0,2,44,.444,.611,9,0,2,0,0,.167,.---,0,1,1,0
2026/03/28,True,Cleveland Guardians,Steven Kwan,4,9,-.--,.222,.286,0,0,0,0,2,0,1,0.25,0,2,0,0,8,36,.222,.444,9,0,0,0,0,.222,.---,0,2,2,0
2026/03/28,True,Texas Rangers,Brandon Nimmo,0,3,-.--,.000,.000,1,0,0,0,1,0,2,2.00,0,0,0,0,0,19,.250,.250,4,0,0,0,0,.000,.---,0,1,0,0
2026/03/28,True,Kansas City Royals,Maikel Garcia,1,3,-.--,.333,.500,1,0,0,0,1,0,0,0.00,0,1,0,0,0,16,.500,.833,4,0,0,0,0,.333,1.000,1,1,1,0
2026/03/28,True,Boston Red Sox,Jarren Duran,1,5,-.--,.400,.500,0,0,0,0,1,0,1,1.00,0,2,0,0,3,10,.400,.800,5,1,0,0,0,.400,1.000,1,1,2,0
2026/03/28,True,Minnesota Twins,Ryan Jeffers,1,4,-.--,.250,.333,0,0,0,0,1,1,1,1.00,0,1,0,0,3,10,.250,.500,4,0,0,0,0,.250,.---,0,1,1,0
2026/03/28,True,Pittsburgh Pirates,Henry Davis,1,4,-.--,.250,.250,0,0,0,1,1,0,2,2.00,0,1,0,0,1,9,.250,.750,4,1,0,0,0,.500,.---,0,0,2,0
2026/03/28,True,Arizona Diamondbacks,Carlos Santana,3,6,-.--,.167,.250,1,0,0,1,2,0,0,0.00,0,1,0,0,3,36,.286,.619,7,0,1,0,0,.333,.---,0,2,2,0
2026/03/28,True,Houston Astros,Jake Meyers,1,3,-.--,.000,.000,1,0,0,0,1,0,1,1.00,0,0,0,0,2,20,.250,.250,4,0,0,0,0,.000,.---,0,1,0,0
2026/03/28,True,Miami Marlins,Otto Lopez,2,3,-.--,.000,.000,1,0,0,0,1,0,0,0.00,0,0,0,0,1,15,.250,.250,4,0,0,0,0,.000,.---,0,1,0,0
2026/03/28,True,Boston Red Sox,Roman Anthony,0,4,-.--,.750,1.000,1,0,0,0,1,0,0,-.--,0,3,0,0,1,20,.800,1.550,5,0,1,0,0,.750,.---,0,1,3,0
2026/03/28,True,Houston Astros,Cam Smith,2,7,-.--,.000,.000,1,0,0,0,2,0,1,0.50,0,0,0,0,7,36,.125,.125,8,0,0,0,0,.000,1.000,1,4,0,0
2026/03/28,True,San Francisco Giants,Matt Chapman,2,5,-.--,.000,.000,3,0,0,0,2,0,2,1.00,0,0,0,0,1,37,.375,.375,8,0,0,0,0,.000,.---,0,1,0,0
2026/03/28,True,Arizona Diamondbacks,Geraldo Perdomo,2,8,8.00,.375,.400,0,0,1,1,2,0,1,0.50,0,3,1,0,1,35,.375,1.250,8,2,1,0,0,.875,.000,0,2,7,0
2026/03/28,True,Los Angeles Angels,Oswald Peraza,1,7,-.--,.143,.333,1,0,0,0,2,0,1,1.00,0,1,0,0,5,38,.250,.393,8,1,0,0,0,.143,.---,0,4,1,0
2026/03/28,True,Cincinnati Reds,Sal Stewart,0,4,-.--,.750,.750,0,0,0,2,1,0,1,1.00,0,3,0,0,0,10,.750,2.000,4,0,0,0,0,1.250,.---,0,0,5,0
2026/03/28,True,Philadelphia Phillies,Trea Turner,2,4,-.--,.500,.500,0,0,0,0,1,0,0,0.00,0,2,0,0,1,9,.500,1.000,4,0,2,0,0,.500,.---,0,0,2,0
2026/03/28,True,Los Angeles Dodgers,Miguel Rojas,1,4,-.--,.250,.333,0,0,0,0,1,0,1,1.00,0,1,0,0,1,11,.250,.500,4,0,1,0,0,.250,.---,0,1,1,0
2026/03/28,True,Cincinnati Reds,Eugenio Suárez,1,4,-.--,.000,.000,0,0,0,0,1,0,0,0.00,0,0,0,0,5,17,.000,.000,4,0,0,0,0,.000,.---,0,3,0,0
2026/03/28,True,Seattle Mariners,Brendan Donovan,2,6,6.00,.333,.333,2,0,1,1,2,0,0,0.00,0,2,1,0,1,35,.500,1.500,8,1,1,0,0,1.000,.000,0,2,6,0
2026/03/28,True,Cincinnati Reds,Spencer Steer,1,3,-.--,.000,.000,1,0,0,0,1,0,0,0.00,0,0,0,0,3,17,.250,.250,4,0,0,0,0,.000,.---,0,2,0,0
2026/03/28,True,Tampa Bay Rays,Ryan Vilade,3,3,-.--,.000,.000,0,0,0,0,1,0,0,0.00,0,0,0,0,1,9,.000,.000,3,0,0,0,0,.000,.---,0,0,0,0
2026/03/28,True,Chicago White Sox,Lenyn Sosa,0,2,-.--,.000,.000,0,0,0,0,1,0,1,1.00,0,0,0,0,3,8,.000,.000,2,0,0,0,0,.000,.---,0,1,0,0
2026/03/28,True,Pittsburgh Pirates,Nick Gonzales,0,4,-.--,.500,.667,0,0,0,1,1,0,1,1.00,0,2,0,0,0,12,.500,1.250,4,2,1,0,0,.750,.---,0,1,3,0
2026/03/28,True,Detroit Tigers,Dillon Dingler,2,8,8.00,.375,.400,0,0,0,0,2,0,1,0.50,1,3,1,0,3,29,.444,1.194,9,4,1,0,0,.750,.---,0,2,6,0
2026/03/28,True,San Diego Padres,Jackson Merrill,1,7,-.--,.286,.500,1,0,0,1,2,0,1,1.00,0,2,0,0,6,38,.375,.804,8,0,1,0,0,.429,.---,0,3,3,0
2026/03/28,True,Philadelphia Phillies,Bryson Stott,1,4,-.--,.500,.667,0,0,0,0,1,0,0,0.00,0,2,0,0,1,23,.500,1.000,4,0,0,0,0,.500,1.000,1,1,2,0
2026/03/28,True,Toronto Blue Jays,Myles Straw,0,0,-.--,.000,.---,0,0,0,0,1,0,0,-.--,0,0,0,0,0,0,.000,.000,0,0,0,0,0,.000,.---,0,0,0,0
2026/03/28,True,Pittsburgh Pirates,Bryan Reynolds,0,4,-.--,.250,.500,0,0,0,0,1,0,1,1.00,0,1,0,0,1,15,.250,.500,4,0,0,0,0,.250,.---,0,2,1,0
2026/03/28,True,Chicago White Sox,Derek Hill,0,1,-.--,.000,.---,0,0,0,0,1,0,0,-.--,0,0,0,0,0,4,.000,.000,1,0,0,0,0,.000,.---,0,1,0,0
2026/03/28,True,Cleveland Guardians,Rhys Hoskins,1,6,-.--,.500,.750,2,0,0,1,2,0,0,0.00,0,3,0,0,2,36,.625,1.292,8,0,1,0,0,.667,.---,0,2,4,0
2026/03/28,True,Philadelphia Phillies,Alec Bohm,1,3,3.00,.333,.000,1,0,0,0,1,0,1,1.00,0,1,1,0,0,15,.500,1.833,4,3,1,0,0,1.333,.---,0,0,4,0
2026/03/28,True,Atlanta Braves,Ronald Acuña,1,5,-.--,.000,.000,0,0,0,0,1,0,1,1.00,0,0,0,0,1,22,.000,.000,5,0,0,0,0,.000,.---,0,3,0,0
2026/03/28,True,Toronto Blue Jays,Kazuma Okamoto,0,3,-.--,.667,1.000,1,0,0,0,1,0,0,-.--,0,2,0,0,0,20,.750,1.417,4,0,2,0,0,.667,.---,0,1,2,0
2026/03/28,True,Toronto Blue Jays,Nathan Lukes,2,3,-.--,.000,.000,1,0,0,0,1,0,1,0.50,0,0,0,0,1,17,.250,.250,4,0,0,0,0,.000,.---,0,0,0,0
2026/03/28,True,Washington Nationals,Keibert Ruiz,0,4,-.--,.250,.333,0,0,0,0,1,0,2,2.00,0,1,0,0,3,20,.250,.500,4,0,1,0,0,.250,.---,0,1,1,0
2026/03/28,True,Minnesota Twins,Austin Martin,1,3,-.--,.333,.333,0,0,0,0,1,0,1,1.00,0,1,0,0,0,5,.333,.666,3,0,0,0,0,.333,1.000,1,0,1,0
2026/03/28,True,Minnesota Twins,Royce Lewis,1,2,-.--,.000,.000,0,0,0,0,1,1,1,1.00,1,0,0,0,2,6,.333,.333,3,0,0,0,0,.000,.---,0,0,0,0
2026/03/28,True,St. Louis Cardinals,Nathan Church,0,4,-.--,.750,.750,0,0,0,0,1,0,1,1.00,0,3,0,0,0,13,.750,1.500,4,2,1,0,0,.750,.---,0,0,3,0
2026/03/28,True,Colorado Rockies,TJ Rumfield,1,3,-.--,.333,.333,1,0,0,0,1,1,1,1.00,0,1,0,0,1,12,.500,.833,4,0,0,0,0,.333,.---,0,0,1,0
2026/03/28,True,Milwaukee Brewers,Brice Turang,0,4,-.--,.500,.667,1,0,1,1,1,0,1,1.00,0,2,0,0,4,22,.600,1.350,5,0,0,0,0,.750,.000,0,1,3,0
2026/03/28,True,Baltimore Orioles,Adley Rutschman,1,4,-.--,.500,.500,0,0,0,1,1,0,1,1.00,0,2,0,0,1,13,.500,1.250,4,0,0,0,0,.750,.---,0,0,3,0
2026/03/28,True,Cleveland Guardians,Chase DeLauter,2,9,3.00,.444,.250,0,0,0,0,2,0,1,0.50,0,4,3,0,3,33,.444,1.888,9,3,4,0,0,1.444,.---,0,2,13,0
2026/03/28,True,Athletics,Nick Kurtz,0,4,-.--,.000,.000,0,0,0,0,1,0,1,1.00,0,0,0,0,0,23,.000,.000,4,0,0,0,0,.000,.---,0,3,0,0
2026/03/28,True,Milwaukee Brewers,Garrett Mitchell,1,1,-.--,.000,.000,2,0,0,0,1,0,1,1.00,0,0,0,0,1,17,.667,.667,4,1,1,1,0,.000,.---,0,0,0,0
2026/03/28,True,Detroit Tigers,Zach McKinstry,1,2,-.--,.500,.500,0,0,0,0,1,0,0,0.00,0,1,0,0,1,5,.500,1.000,2,0,0,0,0,.500,.---,0,0,1,0
2026/03/28,True,Baltimore Orioles,Colton Cowser,2,2,-.--,.000,.000,0,0,0,0,1,0,0,0.00,0,0,0,0,1,11,.000,.000,3,1,0,0,1,.000,.---,0,1,0,0
2026/03/28,True,Philadelphia Phillies,Brandon Marsh,0,4,-.--,.500,.667,0,0,0,2,1,0,1,1.00,0,2,0,0,0,13,.500,1.500,4,0,0,0,0,1.000,.---,0,1,4,0
2026/03/28,True,Seattle Mariners,Leo Rivas,2,5,-.--,.200,.333,1,0,0,0,2,0,0,0.00,0,1,0,0,0,33,.333,.933,6,0,0,0,0,.600,.---,0,2,3,1
2026/03/28,True,New York Mets,Carson Benge,0,3,3.00,.333,.---,2,0,0,0,1,0,0,-.--,0,1,1,0,2,23,.600,1.933,5,1,2,0,0,1.333,1.000,1,2,4,0
2026/03/28,True,Colorado Rockies,Brett Sullivan,0,0,-.--,.000,.---,0,0,0,0,1,0,0,-.--,0,0,0,0,0,0,.000,.000,0,0,0,0,0,.000,.---,0,0,0,0
2026/03/28,True,Los Angeles Angels,Logan O'Hoppe,1,8,-.--,.375,.750,0,0,0,0,2,0,0,0.00,0,3,0,0,3,30,.375,.750,8,0,0,0,0,.375,.---,0,4,3,0
2026/03/28,True,Tampa Bay Rays,Cedric Mullins,5,5,-.--,.000,.000,0,0,0,0,1,0,0,0.00,0,0,0,0,6,18,.000,.000,5,0,0,0,0,.000,.---,0,0,0,0
2026/03/28,True,Colorado Rockies,Jake McCarthy,1,3,-.--,.333,.500,0,0,0,0,1,0,0,0.00,0,1,0,0,0,8,.333,.666,3,0,0,0,0,.333,1.000,1,1,1,0
2026/03/28,True,Pittsburgh Pirates,Ryan O'Hearn,0,4,4.00,.500,.500,0,0,0,0,1,0,1,1.00,0,2,1,0,0,17,.500,1.750,4,1,2,0,0,1.250,.---,0,1,5,0
2026/03/28,True,Miami Marlins,Connor Norby,1,3,-.--,.667,.667,0,0,0,1,1,0,0,0.00,1,2,0,0,2,20,.750,1.750,4,0,0,0,0,1.000,.---,0,0,3,0
2026/03/28,True,Minnesota Twins,Kody Clemens,0,1,-.--,.000,.000,0,0,0,0,1,0,1,1.00,0,0,0,0,0,3,.000,.000,1,0,0,0,0,.000,.---,0,0,0,0
2026/03/28,True,Athletics,Shea Langeliers,0,4,2.00,.750,1.000,0,0,0,0,1,0,0,-.--,0,3,2,0,0,16,.750,3.000,4,2,2,0,0,2.250,.---,0,1,9,0
2026/03/28,True,San Diego Padres,Luis Campusano,0,3,-.--,.000,.---,0,0,0,0,1,0,0,-.--,0,0,0,0,2,13,.000,.000,3,0,0,0,0,.000,.---,0,3,0,0
2026/03/28,True,Houston Astros,Yainer Diaz,0,7,-.--,.143,.250,1,0,0,0,2,0,3,3.00,0,1,0,0,4,23,.250,.393,8,0,0,0,0,.143,.---,0,3,1,0
2026/03/28,True,Miami Marlins,Griffin Conine,0,1,-.--,.000,.000,0,0,0,0,1,0,1,1.00,0,0,0,0,1,2,.000,.000,1,0,0,0,0,.000,.---,0,0,0,0
2026/03/28,True,Kansas City Royals,Salvador Perez,2,4,-.--,.250,.250,0,0,0,0,1,0,1,0.50,0,1,0,0,5,11,.250,.500,4,0,0,0,0,.250,.---,0,0,1,0
2026/03/28,True,Detroit Tigers,Kerry Carpenter,2,8,-.--,.000,.000,2,0,0,0,2,0,1,0.50,0,0,0,0,6,47,.200,.200,10,0,1,0,0,.000,.---,0,5,0,0
2026/03/28,True,New York Yankees,Austin Wells,1,7,-.--,.286,.333,1,0,0,0,2,1,3,3.00,0,2,0,0,2,26,.375,.661,8,0,1,0,0,.286,.---,0,1,2,0
2026/03/28,True,Philadelphia Phillies,Kyle Schwarber,1,4,4.00,.250,.000,0,0,0,0,1,0,1,1.00,0,1,1,0,2,18,.250,1.250,4,2,1,0,0,1.000,.---,0,1,4,0
2026/03/28,True,Houston Astros,Jeremy Peña,3,5,-.--,.400,.400,0,0,0,0,1,0,0,0.00,0,2,0,0,1,15,.400,.800,5,0,1,0,0,.400,1.000,1,0,2,0
2026/03/28,True,Minnesota Twins,James Outman,0,0,-.--,.000,.---,0,0,0,0,1,0,0,-.--,0,0,0,0,0,0,.000,.000,0,0,0,0,0,.000,.---,0,0,0,0
2026/03/28,True,Los Angeles Dodgers,Will Smith,2,7,7.00,.286,.167,0,0,0,0,2,0,3,1.50,0,2,1,0,0,23,.286,1.000,7,3,1,0,0,.714,.---,0,0,5,0
2026/03/28,True,New York Mets,Luis Robert,0,4,-.--,.500,.667,1,0,0,0,1,0,1,1.00,0,2,0,0,1,25,.600,1.100,5,2,1,0,0,.500,.---,0,1,2,0
2026/03/28,True,Arizona Diamondbacks,Pavin Smith,2,2,-.--,.000,.000,2,0,0,0,1,0,0,0.00,0,0,0,0,1,27,.500,.500,4,0,1,0,0,.000,.---,0,0,0,0
2026/03/28,True,Pittsburgh Pirates,Marcell Ozuna,3,4,-.--,.000,.000,0,0,0,0,1,0,0,0.00,0,0,0,0,1,18,.000,.000,4,0,0,0,0,.000,.---,0,1,0,0
2026/03/28,True,Los Angeles Angels,Bryce Teodosio,0,1,-.--,.000,.000,0,0,0,0,2,0,1,1.00,0,0,0,0,2,8,.000,.000,1,0,0,0,0,.000,.---,0,0,0,0
2026/03/28,True,Kansas City Royals,Lane Thomas,0,3,-.--,.333,1.000,1,0,0,0,1,0,0,-.--,0,1,0,0,1,19,.500,.833,4,0,0,0,0,.333,.---,0,2,1,0
2026/03/28,True,Los Angeles Dodgers,Andy Pages,4,7,7.00,.286,.200,0,0,0,0,2,0,0,0.00,0,2,1,0,1,33,.286,1.000,7,3,1,0,0,.714,.---,0,1,5,0
2026/03/28,True,St. Louis Cardinals,Nolan Gorman,2,4,-.--,.250,.333,0,0,0,0,1,0,0,0.00,0,1,0,0,2,17,.250,.500,4,2,1,0,0,.250,.---,0,1,1,0
2026/03/28,True,Miami Marlins,Xavier Edwards,2,4,-.--,.250,.250,0,0,0,0,1,0,1,0.50,0,1,0,0,3,16,.250,.500,4,0,1,0,0,.250,.---,0,0,1,0
2026/03/28,True,Texas Rangers,Jake Burger,0,4,4.00,.750,1.000,0,0,0,0,1,0,0,-.--,0,3,1,0,0,10,.750,2.250,4,2,1,0,0,1.500,.---,0,1,6,0
2026/03/28,True,Cleveland Guardians,Brayan Rocchio,2,5,-.--,.400,.500,0,0,0,1,2,0,0,0.00,2,2,0,0,0,28,.571,1.171,7,2,1,0,0,.600,.---,0,1,3,0
2026/03/28,True,Houston Astros,Nick Allen,0,1,-.--,.000,.---,0,0,0,0,1,0,0,-.--,0,0,0,0,0,4,.000,.000,1,0,0,0,0,.000,.---,0,1,0,0
2026/03/28,True,Chicago White Sox,Everson Pereira,0,3,-.--,.000,.---,0,0,0,0,1,0,0,-.--,0,0,0,0,3,11,.000,.000,3,0,0,0,0,.000,.---,0,3,0,0
2026/03/28,True,Seattle Mariners,Julio Rodríguez,2,7,-.--,.000,.000,1,0,0,0,2,0,0,0.00,0,0,0,0,3,32,.125,.125,8,0,0,0,0,.000,.---,0,5,0,0
2026/03/28,True,Miami Marlins,Heriberto Hernandez,1,4,-.--,.000,.000,0,0,0,0,1,0,3,3.00,0,0,0,0,4,9,.000,.000,4,0,0,0,0,.000,.---,0,0,0,0
2026/03/28,True,Philadelphia Phillies,Justin Crawford,2,4,-.--,.500,.500,0,0,0,0,1,0,0,0.00,0,2,0,0,3,14,.500,1.000,4,0,1,0,0,.500,.---,0,0,2,0
2026/03/28,True,Texas Rangers,Ezequiel Duran,0,1,-.--,.000,.---,0,0,0,0,1,0,0,-.--,0,0,0,0,1,5,.000,.000,1,0,0,0,0,.000,.---,0,1,0,0
2026/03/28,True,Baltimore Orioles,Pete Alonso,1,3,-.--,.000,.000,1,0,0,0,1,0,0,0.00,0,0,0,0,0,19,.250,.250,4,0,0,0,0,.000,.---,0,2,0,0
2026/03/28,True,San Francisco Giants,Casey Schmitt,2,6,-.--,.000,.000,0,0,0,0,2,0,3,1.50,1,0,0,0,3,17,.143,.143,7,0,0,0,0,.000,.---,0,1,0,0
2026/03/28,True,Chicago Cubs,Michael Conforto,0,1,-.--,.000,.---,0,0,0,0,1,0,0,-.--,0,0,0,0,2,4,.000,.000,1,0,0,0,0,.000,.---,0,1,0,0
2026/03/28,True,Cleveland Guardians,José Ramírez,3,9,-.--,.111,.143,0,0,0,1,2,0,3,1.00,0,1,0,0,1,31,.111,.333,9,2,0,0,0,.222,1.000,1,2,2,0
2026/03/28,True,Seattle Mariners,Cole Young,1,6,6.00,.167,.000,0,0,0,0,2,0,0,0.00,0,1,1,0,1,25,.167,.834,6,3,1,0,0,.667,.---,0,4,4,0
2026/03/28,True,Colorado Rockies,Ryan Ritter,0,1,-.--,.000,.---,0,0,0,0,1,0,0,-.--,0,0,0,0,1,5,.000,.000,1,0,0,0,0,.000,.---,0,1,0,0
2026/03/28,True,Boston Red Sox,Caleb Durbin,1,3,-.--,.000,.000,1,0,0,0,1,0,2,2.00,0,0,0,0,2,16,.250,.250,4,0,0,0,0,.000,.---,0,0,0,0
2026/03/28,True,Chicago White Sox,Reese McGuire,0,1,-.--,.000,.---,0,0,0,0,1,0,0,-.--,0,0,0,0,0,3,.000,.000,1,0,0,0,0,.000,.---,0,1,0,0
2026/03/28,True,Milwaukee Brewers,William Contreras,2,3,-.--,.333,.333,2,0,0,1,1,0,0,0.00,0,1,0,1,2,19,.600,1.267,5,3,1,0,0,.667,.---,0,0,2,0
2026/03/28,True,San Diego Padres,Fernando Tatis,1,8,-.--,.125,.143,0,0,0,0,2,0,5,5.00,0,1,0,0,2,22,.125,.250,8,0,1,0,0,.125,.---,0,1,1,0
2026/03/28,True,Toronto Blue Jays,Vladimir Guerrero,0,3,-.--,.333,.333,1,0,0,0,1,0,2,2.00,0,1,0,0,0,16,.500,.833,4,0,0,0,0,.333,.---,0,0,1,0
2026/03/28,True,Detroit Tigers,Javier Báez,2,7,-.--,.143,.200,1,0,0,0,2,0,2,1.00,0,1,0,0,6,28,.250,.393,8,0,0,0,0,.143,.---,0,2,1,0
2026/03/28,True,Boston Red Sox,Wilyer Abreu,0,4,-.--,.250,.333,0,0,0,0,1,0,2,2.00,0,1,0,0,1,17,.250,.500,4,0,0,0,0,.250,.---,0,1,1,0
2026/03/28,True,Chicago Cubs,Moisés Ballesteros,1,3,-.--,.000,.000,1,0,0,0,1,0,1,1.00,0,0,0,0,3,20,.250,.250,4,0,0,0,0,.000,.---,0,1,0,0
2026/03/28,True,Baltimore Orioles,Samuel Basallo,1,4,-.--,.250,.333,0,0,0,0,1,0,1,1.00,0,1,0,0,2,12,.250,.500,4,0,1,0,0,.250,.---,0,1,1,0
2026/03/28,True,Los Angeles Angels,Jorge Soler,3,9,-.--,.111,.200,1,0,0,0,2,1,1,0.33,0,1,0,0,6,44,.200,.311,10,0,0,0,0,.111,.---,0,4,1,0
2026/03/28,True,Chicago White Sox,Munetaka Murakami,0,2,2.00,.500,.000,2,0,0,0,1,0,1,1.00,0,1,1,0,0,18,.750,2.750,4,1,1,0,0,2.000,.---,0,0,4,0
2026/03/28,True,Texas Rangers,Josh Smith,1,3,-.--,.000,.000,0,0,0,0,1,0,1,1.00,0,0,0,0,1,8,.000,.000,3,0,0,0,0,.000,.---,0,1,0,0
2026/03/28,True,Pittsburgh Pirates,Jared Triolo,1,4,-.--,.250,.333,0,0,0,1,1,0,1,1.00,0,1,0,0,0,15,.250,.750,4,0,1,0,0,.500,.---,0,1,2,0
2026/03/28,True,San Francisco Giants,Jung Hoo Lee,3,7,-.--,.000,.000,0,0,0,0,2,0,3,1.00,0,0,0,0,4,25,.000,.000,7,0,0,0,0,.000,.---,0,1,0,0
2026/03/28,True,Chicago White Sox,Austin Hays,0,4,-.--,.250,.500,0,0,0,0,1,0,1,1.00,0,1,0,0,3,17,.250,.500,4,0,0,0,0,.250,.---,0,2,1,0
2026/03/28,True,New York Mets,Francisco Lindor,1,2,-.--,.000,.000,3,0,0,0,1,0,1,1.00,0,0,0,0,2,25,.600,.600,5,0,3,0,0,.000,.---,0,0,0,0
2026/03/28,True,Baltimore Orioles,Blaze Alexander,1,3,-.--,.333,.500,0,0,0,0,1,0,0,0.00,0,1,0,0,1,14,.333,.666,3,1,0,0,0,.333,.---,0,1,1,0
2026/03/28,True,Arizona Diamondbacks,Nolan Arenado,1,7,-.--,.143,.500,0,0,0,0,2,0,0,0.00,0,1,0,0,4,30,.143,.286,7,0,0,0,0,.143,.---,0,5,1,0
2026/03/28,True,Arizona Diamondbacks,Alek Thomas,2,6,-.--,.333,.500,1,0,0,2,2,0,0,0.00,0,2,0,0,3,30,.429,1.096,7,3,0,0,0,.667,1.000,1,2,4,0
2026/03/28,True,Kansas City Royals,Bobby Witt,0,4,-.--,.500,.667,0,0,0,0,1,1,1,1.00,0,2,0,0,2,11,.500,1.000,4,0,0,0,0,.500,.---,0,1,2,0
2026/03/28,True,Chicago Cubs,Alex Bregman,1,4,-.--,.250,.333,1,0,0,0,1,0,1,1.00,0,1,0,0,2,27,.400,.650,5,0,0,0,0,.250,.---,0,1,1,0
2026/03/28,True,Chicago Cubs,Carson Kelly,1,3,-.--,.333,.333,1,0,0,0,1,0,1,1.00,0,1,0,0,0,22,.500,.833,4,0,0,0,0,.333,.---,0,0,1,0
2026/03/28,True,Arizona Diamondbacks,Tim Tawa,0,3,-.--,.333,.500,0,0,0,0,1,0,1,1.00,0,1,0,0,0,7,.333,.666,3,0,0,0,0,.333,.---,0,1,1,0
2026/03/28,True,Los Angeles Angels,Nolan Schanuel,1,8,8.00,.375,.500,2,0,0,0,2,1,1,1.00,0,3,1,0,4,46,.500,1.250,10,1,1,0,0,.750,.---,0,3,6,0
2026/03/28,True,Texas Rangers,Corey Seager,1,4,-.--,.500,.667,0,0,0,0,1,0,0,0.00,0,2,0,0,0,17,.500,1.000,4,0,1,0,0,.500,.---,0,1,2,0
2026/03/28,True,Houston Astros,Joey Loperfido,1,5,-.--,.400,.500,0,0,0,1,2,0,1,1.00,0,2,0,0,0,14,.400,1.000,5,0,0,0,0,.600,.---,0,1,3,0
2026/03/28,True,Detroit Tigers,Parker Meadows,2,5,-.--,.200,.333,1,0,0,0,2,0,0,0.00,0,1,0,0,4,21,.333,.533,6,2,0,0,0,.200,1.000,1,2,1,0
2026/03/28,True,Miami Marlins,Austin Slater,2,3,-.--,.000,.000,0,0,0,0,1,0,0,0.00,0,0,0,0,2,8,.000,.000,3,0,0,0,0,.000,.---,0,1,0,0
2026/03/28,True,Milwaukee Brewers,Sal Frelick,0,3,3.00,.333,.000,2,0,0,0,1,0,2,2.00,0,1,1,0,0,23,.600,1.933,5,2,2,0,0,1.333,.---,0,0,4,0
2026/03/28,True,New York Mets,Juan Soto,1,4,-.--,.500,.500,1,0,0,0,1,0,1,1.00,0,2,0,0,0,20,.600,1.100,5,1,1,0,0,.500,.---,0,0,2,0
2026/03/28,True,Boston Red Sox,Trevor Story,1,5,-.--,.200,.250,0,0,0,0,1,1,2,2.00,0,1,0,0,5,12,.200,.400,5,1,0,0,0,.200,.---,0,1,1,0
2026/03/28,True,Atlanta Braves,Ozzie Albies,2,4,4.00,.500,.333,0,0,1,0,1,0,0,0.00,0,2,1,0,1,10,.500,1.750,4,1,1,0,0,1.250,.000,0,0,5,0
2026/03/28,True,Texas Rangers,Josh Jung,0,4,-.--,.000,.000,0,0,0,0,1,0,3,3.00,0,0,0,0,3,18,.000,.000,4,0,0,0,0,.000,.---,0,1,0,0
2026/03/28,True,Cleveland Guardians,Daniel Schneemann,0,2,-.--,.500,1.000,0,0,0,1,1,0,0,-.--,0,1,0,0,1,9,.500,1.500,2,0,1,0,0,1.000,.---,0,1,2,0
2026/03/28,True,Texas Rangers,Evan Carter,1,2,-.--,.000,.000,0,0,0,0,1,0,1,1.00,0,0,0,0,1,7,.000,.000,2,0,0,0,0,.000,.---,0,0,0,0
2026/03/28,True,Pittsburgh Pirates,Oneil Cruz,0,5,-.--,.200,.500,0,0,0,0,1,0,1,1.00,0,1,0,0,2,27,.200,.400,5,0,1,0,0,.200,.---,0,3,1,0
2026/03/28,True,San Diego Padres,Ramón Laureano,4,8,8.00,.250,.200,0,0,0,1,2,0,0,0.00,0,2,1,0,4,31,.250,1.000,8,2,1,0,0,.750,.---,0,2,6,0
2026/03/28,True,New York Yankees,Jazz Chisholm,0,7,-.--,.286,.400,0,0,0,0,2,0,3,3.00,1,2,0,0,5,27,.375,.661,8,0,1,0,0,.286,1.000,1,2,2,0
2026/03/28,True,Milwaukee Brewers,Jake Bauers,1,5,5.00,.400,.500,0,0,0,0,1,0,0,0.00,0,2,1,0,2,16,.400,1.400,5,3,2,0,0,1.000,.---,0,2,5,0
2026/03/28,True,Toronto Blue Jays,Andrés Giménez,0,3,-.--,.667,.667,1,0,0,0,1,0,1,1.00,0,2,0,0,0,12,.750,2.083,4,3,0,0,0,1.333,.---,0,0,4,1
2026/03/28,True,New York Yankees,Cody Bellinger,2,8,-.--,.250,.333,1,0,0,0,2,0,2,1.00,0,2,0,0,2,37,.333,.583,9,0,1,0,0,.250,.---,0,2,2,0
2026/03/28,True,San Diego Padres,Nick Castellanos,1,2,-.--,.000,.000,0,0,0,0,2,0,0,0.00,0,0,0,0,3,7,.000,.000,2,0,0,0,0,.000,.---,0,1,0,0
2026/03/28,True,St. Louis Cardinals,Ramón Urías,0,0,-.--,.000,.---,0,0,0,0,1,0,0,-.--,0,0,0,0,0,0,.000,.000,0,0,0,0,0,.000,.---,0,0,0,0
2026/03/28,True,San Diego Padres,Gavin Sheets,1,4,-.--,.000,.000,0,0,0,0,2,0,2,2.00,0,0,0,0,0,9,.000,.000,4,0,0,0,0,.000,.---,0,1,0,0
2026/03/28,True,Seattle Mariners,Luke Raley,2,8,4.00,.250,.000,0,0,0,0,2,0,1,0.50,0,2,2,0,3,26,.250,1.250,8,3,2,0,0,1.000,.---,0,3,8,0
2026/03/28,True,Washington Nationals,Andrés Chaparro,1,3,-.--,.667,.667,0,0,0,1,1,0,0,0.00,0,2,0,0,0,7,.667,1.667,3,0,1,0,0,1.000,.---,0,0,3,0
2026/03/28,True,Chicago White Sox,Miguel Vargas,0,3,-.--,.000,.---,1,0,0,0,1,0,0,-.--,0,0,0,0,1,21,.250,.250,4,0,0,0,0,.000,.---,0,3,0,0
2026/03/28,True,Philadelphia Phillies,Bryce Harper,1,4,-.--,.000,.000,0,0,0,0,1,0,1,1.00,0,0,0,0,2,14,.000,.000,4,0,0,0,0,.000,.---,0,2,0,0
2026/03/28,True,Boston Red Sox,Carlos Narváez,1,3,-.--,.333,.500,0,0,0,0,1,0,1,1.00,0,1,0,0,1,11,.333,.666,4,0,0,1,0,.333,.---,0,1,1,0
2026/03/28,True,Kansas City Royals,Vinnie Pasquantino,1,3,-.--,.000,.000,0,0,0,0,1,0,2,2.00,1,0,0,0,1,18,.250,.250,4,0,0,0,0,.000,.---,0,0,0,0
2026/03/28,True,Texas Rangers,Wyatt Langford,0,4,-.--,.000,.000,0,0,0,0,1,0,2,2.00,0,0,0,0,1,20,.000,.000,4,0,0,0,0,.000,.---,0,2,0,0
2026/03/28,True,Tampa Bay Rays,Jonathan Aranda,1,4,4.00,.500,.333,1,0,0,0,1,0,1,1.00,0,2,1,0,1,18,.500,1.750,6,2,1,0,1,1.250,.---,0,1,5,0
2026/03/28,True,San Diego Padres,Freddy Fermin,1,3,-.--,.000,.000,1,0,0,0,1,0,1,1.00,0,0,0,0,0,19,.250,.250,4,0,0,0,0,.000,.---,0,1,0,0
2026/03/28,True,Miami Marlins,Jakob Marsee,2,4,-.--,.250,.250,0,0,0,1,1,0,1,0.50,0,1,0,0,1,12,.250,.750,4,0,0,0,0,.500,1.000,1,0,2,0
2026/03/28,True,Boston Red Sox,Willson Contreras,2,4,-.--,.000,.000,1,0,0,0,1,0,1,0.50,0,0,0,0,3,20,.200,.200,5,0,0,0,0,.000,.---,0,1,0,0
2026/03/28,True,Seattle Mariners,Dominic Canzone,2,6,3.00,.333,.000,1,0,0,0,2,0,2,1.00,0,2,2,0,1,26,.429,1.762,7,2,3,0,0,1.333,.---,0,0,8,0
2026/03/28,True,Houston Astros,Brice Matthews,0,3,-.--,.333,1.000,0,0,0,1,1,0,0,-.--,0,1,0,0,1,16,.333,1.000,3,0,0,0,0,.667,.---,0,2,2,0
2026/03/28,True,Kansas City Royals,Isaac Collins,1,3,-.--,.000,.000,0,0,0,0,1,1,2,2.00,0,0,0,0,3,9,.000,.000,3,0,0,0,0,.000,.---,0,0,0,0
2026/03/28,True,Chicago Cubs,Dansby Swanson,0,2,-.--,.000,.000,2,0,0,0,1,0,2,2.00,0,0,0,0,2,23,.500,.500,4,1,1,0,0,.000,.---,0,0,0,0
2026/03/28,True,Houston Astros,Carlos Correa,2,7,-.--,.286,.333,1,0,0,0,2,0,2,1.00,0,2,0,0,4,34,.375,.661,8,0,0,0,0,.286,.---,0,1,2,0
2026/03/28,True,Chicago White Sox,Chase Meidroth,0,2,2.00,.500,.---,2,0,0,0,1,0,0,-.--,0,1,1,0,0,23,.750,2.750,4,1,1,0,0,2.000,.---,0,1,4,0
2026/03/28,True,Athletics,Carlos Cortes,0,1,-.--,.000,.000,0,0,0,0,1,0,1,1.00,0,0,0,0,1,2,.000,.000,1,0,0,0,0,.000,.---,0,0,0,0
2026/03/28,True,Los Angeles Angels,Josh Lowe,3,8,8.00,.250,.250,0,0,0,1,2,0,0,0.00,0,2,1,0,5,33,.250,1.000,8,3,1,0,0,.750,.---,0,3,6,0
2026/03/28,True,Minnesota Twins,Matt Wallner,0,2,-.--,.000,.000,2,0,0,0,1,0,1,1.00,0,0,0,0,1,20,.500,.500,4,0,0,0,0,.000,.---,0,1,0,0
2026/03/28,True,Los Angeles Dodgers,Freddie Freeman,5,8,-.--,.000,.000,1,0,0,0,2,0,3,0.60,0,0,0,0,6,29,.111,.111,9,0,0,0,0,.000,.---,0,0,0,0
2026/03/28,True,Milwaukee Brewers,David Hamilton,1,2,-.--,.500,.500,2,1,0,0,1,0,0,0.00,0,1,0,0,0,26,.750,1.250,5,1,2,0,0,.500,1.000,1,0,1,0
2026/03/28,True,Tampa Bay Rays,Jake Fraley,0,1,-.--,1.000,1.000,0,0,0,0,1,0,0,-.--,0,1,0,0,0,2,1.000,2.000,1,0,0,0,0,1.000,.---,0,0,1,0
2026/03/28,True,Los Angeles Angels,Jo Adell,2,8,-.--,.375,.500,1,0,0,0,2,0,1,0.50,1,3,0,0,7,38,.500,.875,10,0,2,0,0,.375,.---,0,2,3,0
2026/03/28,True,New York Yankees,Aaron Judge,1,9,9.00,.111,.000,0,0,0,0,2,0,1,1.00,0,1,1,0,4,43,.111,.555,9,2,1,0,0,.444,.---,0,6,4,0
2026/03/28,True,Cincinnati Reds,Will Benson,0,1,-.--,.000,.---,0,0,0,0,1,0,0,-.--,0,0,0,0,1,4,.000,.000,1,0,0,0,0,.000,.---,0,1,0,0
2026/03/28,True,New York Mets,Bo Bichette,2,4,-.--,.000,.000,0,0,0,0,1,0,0,0.00,0,0,0,0,5,26,.000,.000,5,1,0,0,1,.000,.---,0,3,0,0
2026/03/28,True,Los Angeles Dodgers,Max Muncy,0,4,-.--,.250,.500,3,0,0,0,2,0,1,1.00,0,1,0,0,3,32,.571,.821,7,0,1,0,0,.250,.---,0,2,1,0
2026/03/28,True,Texas Rangers,Kyle Higashioka,0,1,-.--,1.000,1.000,0,0,0,0,1,0,0,-.--,0,1,0,0,0,6,1.000,2.000,1,0,1,0,0,1.000,.---,0,0,1,0
2026/03/28,True,Colorado Rockies,Brenton Doyle,2,4,-.--,.000,.000,0,0,0,0,1,0,0,0.00,0,0,0,0,4,12,.000,.000,4,0,0,0,0,.000,.---,0,2,0,0
2026/03/28,True,Cincinnati Reds,Noelvi Marte,0,2,-.--,.000,.---,0,0,0,0,1,0,0,-.--,0,0,0,0,3,10,.000,.000,2,0,0,0,0,.000,.---,0,2,0,0
2026/03/28,True,Toronto Blue Jays,Daulton Varsho,1,4,-.--,.000,.000,0,0,0,0,1,0,2,2.00,0,0,0,0,0,11,.000,.000,4,0,0,0,0,.000,.---,0,1,0,0
2026/03/28,True,New York Mets,Francisco Alvarez,2,4,4.00,.500,.333,0,0,0,0,1,0,0,0.00,1,2,1,0,2,19,.600,1.850,5,1,2,0,0,1.250,.---,0,0,5,0
2026/03/28,True,San Diego Padres,Manny Machado,2,6,-.--,.333,.400,2,0,0,1,2,1,1,0.50,0,2,0,0,2,31,.500,1.000,8,0,1,0,0,.500,.---,0,1,3,0
2026/03/28,True,Atlanta Braves,Jonah Heim,1,2,-.--,.000,.000,2,0,0,0,1,0,1,1.00,0,0,0,0,3,15,.500,.500,4,0,1,0,0,.000,.---,0,0,0,0
2026/03/28,True,Cleveland Guardians,Angel Martínez,1,2,-.--,.000,.000,0,0,0,0,1,0,0,0.00,0,0,0,0,3,12,.000,.000,2,0,0,0,0,.000,.---,0,1,0,0
2026/03/28,True,Miami Marlins,Agustín Ramírez,0,3,-.--,.000,.000,1,0,0,0,1,0,3,3.00,0,0,0,0,2,13,.250,.250,4,0,0,0,0,.000,.---,0,0,0,0
2026/03/28,True,Chicago White Sox,Luisangel Acuña,1,3,-.--,.333,.333,0,0,0,0,1,0,1,1.00,0,1,0,0,0,8,.333,.666,3,0,0,0,0,.333,.---,0,0,1,0
2026/03/28,True,St. Louis Cardinals,Pedro Pagés,2,4,-.--,.250,.250,0,0,0,0,1,1,1,0.50,0,1,0,0,3,18,.250,.500,4,0,1,0,0,.250,.---,0,0,1,0
2026/03/28,True,Cleveland Guardians,Bo Naylor,3,8,-.--,.125,.143,1,0,0,0,2,1,3,1.00,0,1,0,0,2,34,.222,.347,9,0,0,0,0,.125,.---,0,1,1,0
2026/03/28,True,Minnesota Twins,Brooks Lee,0,3,-.--,.000,.000,0,0,0,0,1,0,1,1.00,0,0,0,0,3,9,.000,.000,3,0,0,0,0,.000,.---,0,2,0,0
2026/03/28,True,Texas Rangers,Joc Pederson,1,1,-.--,.000,.000,0,0,0,0,1,0,0,0.00,0,0,0,0,1,2,.000,.000,1,0,0,0,0,.000,.---,0,0,0,0
2026/03/28,True,Colorado Rockies,Ezequiel Tovar,1,4,-.--,.250,.333,0,0,0,0,1,0,1,1.00,0,1,0,0,1,12,.250,.500,4,0,0,0,0,.250,.---,0,1,1,0
2026/03/28,True,Philadelphia Phillies,J.T. Realmuto,0,3,-.--,.000,.---,0,0,0,0,1,0,0,-.--,1,0,0,0,1,16,.250,.250,4,0,0,0,0,.000,.---,0,3,0,0
2026/03/28,True,Colorado Rockies,Edouard Julien,0,2,-.--,.000,.000,0,0,0,0,1,0,1,1.00,0,0,0,0,0,9,.000,.000,2,0,0,0,0,.000,.---,0,1,0,0
2026/03/28,True,Los Angeles Dodgers,Alex Freeland,0,3,3.00,.667,.500,0,0,0,1,1,0,1,1.00,0,2,1,0,0,12,.667,2.667,3,1,2,0,0,2.000,.---,0,0,6,0
2026/03/28,True,Washington Nationals,Joey Wiemer,0,3,3.00,1.000,1.000,1,0,0,0,1,0,0,-.--,0,3,1,0,0,12,1.000,3.000,4,1,2,0,0,2.000,.---,0,0,6,0
2026/03/28,True,Detroit Tigers,Colt Keith,2,6,-.--,.333,.400,1,0,0,0,2,0,1,0.50,0,2,0,0,4,25,.429,.762,7,0,2,0,0,.333,.---,0,1,2,0
2026/03/28,True,New York Yankees,Ryan McMahon,0,4,-.--,.250,1.000,2,0,0,0,2,0,0,-.--,0,1,0,0,1,26,.500,.750,6,2,1,0,0,.250,.---,0,3,1,0
2026/03/28,True,Athletics,Tyler Soderstrom,0,3,-.--,.000,.000,1,0,0,0,1,0,1,1.00,0,0,0,0,0,16,.250,.250,4,0,0,0,0,.000,.---,0,2,0,0
2026/03/28,True,Houston Astros,Jose Altuve,0,6,-.--,.167,.200,2,0,0,0,2,0,4,4.00,0,1,0,0,1,31,.375,.542,8,0,0,0,0,.167,1.000,1,1,1,0
2026/03/28,True,Houston Astros,Christian Walker,2,6,-.--,.167,.167,1,0,0,1,2,0,3,1.50,0,1,0,0,2,27,.286,.619,7,0,0,0,0,.333,.---,0,0,2,0
2026/03/28,True,Cincinnati Reds,Elly De La Cruz,0,4,-.--,.250,.500,0,0,0,0,1,0,1,1.00,0,1,0,0,0,10,.250,.500,4,0,0,0,0,.250,.---,0,2,1,0
2026/03/28,True,Houston Astros,Yordan Alvarez,3,8,8.00,.125,.000,1,0,0,0,2,0,2,0.67,0,1,1,1,5,24,.222,.722,9,1,1,0,0,.500,.---,0,2,4,0
2026/03/28,True,St. Louis Cardinals,Jordan Walker,1,4,-.--,.250,.250,0,0,0,1,1,0,2,2.00,0,1,0,0,0,9,.250,.750,4,0,1,0,0,.500,.---,0,0,2,0
2026/03/28,True,St. Louis Cardinals,Masyn Winn,2,5,-.--,.200,.250,0,0,0,1,1,0,1,0.50,0,1,0,0,4,23,.200,.600,5,0,1,0,0,.400,.---,0,1,2,0
2026/03/28,True,Atlanta Braves,Drake Baldwin,0,4,4.00,.250,.000,1,0,0,0,1,0,3,3.00,0,1,1,0,0,20,.400,1.400,5,1,1,0,0,1.000,.---,0,0,4,0
2026/03/28,True,Minnesota Twins,Byron Buxton,1,4,-.--,.250,.333,0,0,0,0,1,0,1,1.00,0,1,0,0,1,13,.250,1.000,4,0,1,0,0,.750,.---,0,1,3,1
2026/03/28,True,Baltimore Orioles,Tyler O'Neill,1,2,-.--,.500,.500,1,0,0,0,1,0,0,0.00,0,1,0,0,0,14,.667,1.167,3,0,1,0,0,.500,.---,0,0,1,0
2026/03/28,True,New York Yankees,Paul Goldschmidt,1,5,-.--,.200,.200,0,0,0,1,1,0,3,3.00,0,1,0,0,1,23,.200,.600,5,0,1,0,0,.400,.---,0,0,2,0
2026/03/28,True,Athletics,Jacob Wilson,0,4,-.--,.000,.000,0,0,0,0,1,1,2,2.00,0,0,0,0,3,16,.000,.000,4,0,0,0,0,.000,.---,0,2,0,0
2026/03/28,True,Houston Astros,Isaac Paredes,4,7,-.--,.000,.000,1,0,0,0,2,0,0,0.00,0,0,0,0,1,45,.125,.125,8,0,0,0,0,.000,.---,0,3,0,0
2026/03/28,True,Detroit Tigers,Kevin McGonigle,2,8,-.--,.625,.625,1,0,0,2,2,0,1,0.50,0,5,0,0,0,42,.667,1.542,9,4,2,0,0,.875,.---,0,0,7,0
2026/03/28,True,Washington Nationals,CJ Abrams,1,4,-.--,.250,.333,0,0,0,0,1,0,1,1.00,0,1,0,0,1,13,.250,.500,4,2,0,0,0,.250,.---,0,1,1,0
2026/03/28,True,Baltimore Orioles,Taylor Ward,3,4,-.--,.000,.000,0,0,0,0,1,0,1,0.33,0,0,0,0,1,16,.000,.000,4,0,0,0,0,.000,.---,0,0,0,0
2026/03/28,True,Minnesota Twins,Josh Bell,0,3,-.--,.000,.---,1,0,0,0,1,0,0,-.--,0,0,0,0,3,20,.250,.250,4,0,0,0,0,.000,.---,0,3,0,0
2026/03/28,True,Los Angeles Dodgers,Mookie Betts,3,8,8.00,.250,.167,0,0,0,0,2,0,2,0.67,1,2,1,0,4,28,.333,.958,9,4,2,0,0,.625,.---,0,1,5,0
2026/03/28,True,Boston Red Sox,Ceddanne Rafaela,1,4,-.--,.500,.500,0,0,0,0,1,1,1,1.00,0,2,0,0,3,15,.500,1.000,4,1,0,0,0,.500,.---,0,0,2,0
2026/03/28,True,Detroit Tigers,Riley Greene,1,9,-.--,.111,.143,1,0,0,0,2,2,5,5.00,0,1,0,0,7,30,.200,.311,10,1,2,0,0,.111,.---,0,2,1,0
2026/03/28,True,Texas Rangers,Andrew McCutchen,0,2,-.--,.500,1.000,0,0,0,1,1,0,0,-.--,0,1,0,0,2,11,.500,1.500,2,0,0,0,0,1.000,.---,0,1,2,0
2026/03/28,True,Milwaukee Brewers,Christian Yelich,0,4,-.--,.500,.500,1,0,0,0,1,0,2,2.00,0,2,0,0,2,20,.600,1.100,5,1,2,0,0,.500,.---,0,0,2,0
2026/03/28,True,Arizona Diamondbacks,Corbin Carroll,2,8,-.--,.125,.167,0,0,0,0,2,0,3,1.50,0,1,0,0,1,34,.125,.250,8,0,1,0,0,.125,.---,0,2,1,0
2026/03/28,True,Minnesota Twins,Victor Caratini,1,3,-.--,.333,.333,1,0,0,0,1,1,1,1.00,0,1,0,0,4,15,.500,.833,4,0,0,0,0,.333,.---,0,0,1,0
2026/03/28,True,Baltimore Orioles,Gunnar Henderson,0,4,-.--,.000,.000,0,0,0,0,1,0,2,2.00,0,0,0,0,0,13,.000,.000,4,0,0,0,0,.000,.---,0,2,0,0
2026/03/28,True,San Diego Padres,Miguel Andujar,3,7,-.--,.143,.167,1,0,0,0,2,0,2,0.67,0,1,0,0,5,25,.250,.393,8,1,0,0,0,.143,.---,0,1,1,0
2026/03/28,True,Atlanta Braves,Matt Olson,0,4,-.--,.500,1.000,0,0,0,1,1,0,0,-.--,0,2,0,0,0,22,.500,1.250,4,0,1,0,0,.750,.---,0,2,3,0
2026/03/28,True,New York Mets,Marcus Semien,2,5,-.--,.400,.500,0,0,0,1,1,0,0,0.00,0,2,0,0,0,11,.400,1.000,5,1,0,0,0,.600,.---,0,1,3,0
2026/03/28,True,Cincinnati Reds,TJ Friedl,1,4,-.--,.000,.000,0,0,0,0,1,0,2,2.00,0,0,0,0,1,11,.000,.000,4,0,0,0,0,.000,.---,0,1,0,0
2026/03/28,True,Toronto Blue Jays,George Springer,2,4,-.--,.000,.000,0,0,0,0,1,0,2,1.00,0,0,0,0,3,14,.000,.000,4,0,0,0,0,.000,.---,0,0,0,0
2026/03/28,True,Washington Nationals,Nasim Nuñez,0,2,-.--,.000,.000,1,0,0,0,1,0,1,1.00,1,0,0,0,0,17,.500,.500,4,1,1,0,0,.000,1.000,1,1,0,0
2026/03/28,True,San Francisco Giants,Luis Arraez,2,7,-.--,.143,.143,1,0,0,0,2,0,4,2.00,0,1,0,0,0,28,.250,.393,8,0,0,0,0,.143,.---,0,0,1,0
2026/03/28,True,San Francisco Giants,Rafael Devers,2,8,-.--,.125,.200,0,0,0,0,2,0,2,1.00,0,1,0,0,4,31,.125,.250,8,0,0,0,0,.125,.---,0,3,1,0
2026/03/28,True,New York Mets,Brett Baty,1,5,-.--,.200,.333,0,0,0,0,1,0,1,1.00,0,1,0,0,5,25,.200,.800,5,3,1,0,0,.600,.---,0,2,3,1
2026/03/28,True,New York Yankees,Giancarlo Stanton,1,8,8.00,.500,.600,0,0,0,0,2,0,1,1.00,0,4,1,0,2,24,.500,1.375,8,2,2,0,0,.875,.---,0,2,7,0
2026/03/28,True,Atlanta Braves,Eli White,0,4,-.--,.250,.500,0,0,0,0,1,0,1,1.00,0,1,0,0,5,21,.250,.500,4,0,0,0,0,.250,.---,0,2,1,0
2026/03/28,True,Los Angeles Angels,Zach Neto,2,10,10.00,.200,.143,0,0,0,1,2,0,4,2.00,0,2,1,0,5,32,.200,.800,10,1,2,0,0,.600,.---,0,2,6,0
2026/03/28,True,Detroit Tigers,Gleyber Torres,1,6,-.--,.333,.400,4,0,0,0,2,0,2,2.00,0,2,0,0,1,45,.600,.933,10,0,3,0,0,.333,.---,0,1,2,0
2026/03/28,True,Tampa Bay Rays,Junior Caminero,0,2,-.--,.500,1.000,4,0,0,0,1,0,0,-.--,0,1,0,0,2,36,.833,1.333,6,0,1,0,0,.500,.---,0,1,1,0
2026/03/28,True,Kansas City Royals,Jac Caglianone,0,1,-.--,.000,.---,0,0,0,0,1,0,0,-.--,0,0,0,0,0,6,.000,.000,1,0,0,0,0,.000,.---,0,1,0,0
2026/03/28,True,Colorado Rockies,Willi Castro,0,4,-.--,.000,.000,0,0,0,0,1,0,2,2.00,0,0,0,0,3,14,.000,.000,4,0,1,0,0,.000,.---,0,2,0,0
2026/03/28,True,Tampa Bay Rays,Yandy Díaz,0,5,-.--,.600,.600,1,0,0,0,1,0,2,2.00,0,3,0,0,2,14,.667,1.267,6,0,1,0,0,.600,.---,0,0,3,0
2026/03/28,True,St. Louis Cardinals,Victor Scott,0,4,-.--,.750,.750,0,0,0,0,1,0,1,1.00,0,3,0,0,1,10,.750,1.500,4,0,1,0,0,.750,1.000,2,0,3,0
2026/03/28,True,Washington Nationals,James Wood,0,5,-.--,.000,.000,0,0,0,0,1,0,1,1.00,0,0,0,0,1,19,.000,.000,5,0,0,0,0,.000,.---,0,4,0,0
2026/03/28,True,Milwaukee Brewers,Joey Ortiz,1,3,-.--,.667,.667,0,0,0,0,1,0,0,0.00,0,2,0,0,1,12,.667,1.334,3,2,2,0,0,.667,.---,0,0,2,0
2026/03/28,True,Kansas City Royals,Carter Jensen,0,3,-.--,.000,.000,0,0,0,0,1,0,2,2.00,0,0,0,0,0,12,.000,.000,3,0,0,0,0,.000,.---,0,1,0,0
2026/03/28,True,St. Louis Cardinals,Iván Herrera,1,4,-.--,.000,.000,0,0,0,0,1,0,4,4.00,0,0,0,0,2,18,.000,.000,5,1,0,0,1,.000,.---,0,0,0,0
2026/03/28,True,Philadelphia Phillies,Adolis García,1,4,-.--,.000,.000,0,0,0,0,1,0,1,1.00,0,0,0,0,3,21,.000,.000,4,0,0,0,0,.000,.---,0,2,0,0
2026/03/28,True,San Diego Padres,Jake Cronenworth,1,8,-.--,.250,.400,0,0,0,0,2,0,2,2.00,0,2,0,0,3,24,.250,.500,8,0,0,0,0,.250,.---,0,3,2,0
2026/03/28,True,Miami Marlins,Owen Caissie,0,4,-.--,.250,.500,0,0,0,1,1,0,1,1.00,0,1,0,0,1,19,.250,.750,4,1,1,0,0,.500,.---,0,2,2,0
2026/03/28,True,St. Louis Cardinals,JJ Wetherholt,2,4,4.00,.250,.000,0,0,0,0,1,0,1,0.50,0,1,1,0,2,18,.200,1.200,5,2,1,0,1,1.000,.---,0,1,4,0
2026/03/28,True,Pittsburgh Pirates,Spencer Horwitz,2,4,-.--,.000,.000,0,0,0,0,1,0,1,0.50,0,0,0,0,2,12,.000,.000,4,0,0,0,0,.000,.---,0,1,0,0
2026/03/28,True,Chicago White Sox,Colson Montgomery,1,4,-.--,.000,.000,0,0,0,0,1,0,0,0.00,0,0,0,0,3,16,.000,.000,4,0,0,0,0,.000,.---,0,3,0,0
2026/03/28,True,Miami Marlins,Javier Sanoja,0,3,-.--,1.000,1.000,0,0,0,0,1,0,0,-.--,0,3,0,0,0,11,1.000,2.000,3,1,0,0,0,1.000,.---,0,0,3,0
2026/03/28,True,Washington Nationals,Daylen Lile,2,5,-.--,.200,.333,0,0,0,0,1,0,0,0.00,0,1,0,0,1,15,.200,.400,5,1,1,0,0,.200,.---,0,2,1,0
2026/03/28,True,Colorado Rockies,Jordan Beck,1,3,-.--,.333,.333,1,0,1,0,1,0,1,1.00,0,1,0,0,1,13,.500,.833,4,1,0,0,0,.333,.000,0,0,1,0
2026/03/28,True,San Francisco Giants,Heliot Ramos,0,7,-.--,.286,.667,0,0,0,1,2,0,1,1.00,0,2,0,0,1,29,.286,.715,7,0,0,0,0,.429,.---,0,4,3,0
2026/03/28,True,Chicago Cubs,Pete Crow-Armstrong,1,5,-.--,.400,.667,0,0,0,0,1,0,0,0.00,0,2,0,0,3,17,.400,.800,5,2,0,0,0,.400,.---,0,2,2,0
2026/03/28,True,Colorado Rockies,Kyle Karros,2,3,-.--,.333,.333,0,0,0,0,1,0,0,0.00,0,1,0,0,0,6,.333,.666,3,0,0,0,0,.333,.---,0,0,1,0
2026/03/28,True,Baltimore Orioles,Coby Mayo,1,2,-.--,.000,.000,1,0,0,0,1,0,0,0.00,0,0,0,0,1,18,.333,.333,3,0,0,0,0,.000,1.000,1,1,0,0
2026/03/28,True,San Diego Padres,Xander Bogaerts,5,8,-.--,.375,.375,0,0,0,1,2,0,0,0.00,0,3,0,0,3,23,.375,.875,8,1,0,0,0,.500,.---,0,0,4,0
2026/03/28,True,Washington Nationals,Luis García,1,2,-.--,.000,.000,0,0,0,0,1,0,1,1.00,0,0,0,0,1,4,.000,.000,2,0,1,0,0,.000,.---,0,0,0,0
2026/03/28,True,Athletics,Max Muncy,0,3,-.--,.000,.000,0,0,0,0,1,0,1,1.00,0,0,0,0,0,9,.000,.000,3,0,0,0,0,.000,.---,0,2,0,0
2026/03/28,True,Washington Nationals,Brady House,0,5,5.00,.400,.500,0,0,0,0,1,0,1,1.00,0,2,1,0,1,16,.400,1.400,5,2,2,0,0,1.000,.---,0,2,5,0
2026/03/28,True,Arizona Diamondbacks,Jordan Lawlar,2,7,-.--,.143,.250,0,0,0,1,2,0,1,0.50,0,1,0,0,2,36,.143,.429,7,0,0,0,0,.286,.---,0,3,2,0
2026/03/28,True,Boston Red Sox,Marcelo Mayer,0,2,-.--,1.000,1.000,0,0,0,1,1,0,0,-.--,0,2,0,0,0,5,1.000,2.500,2,0,2,0,0,1.500,.---,0,0,3,0
2026/03/28,True,Detroit Tigers,Spencer Torkelson,1,8,-.--,.250,.500,1,0,1,0,2,0,1,1.00,0,2,0,0,3,43,.333,.583,9,2,2,0,0,.250,.000,0,4,2,0
2026/03/28,True,Milwaukee Brewers,Luis Rengifo,1,2,-.--,.000,.000,0,0,0,0,1,0,1,1.00,0,0,0,0,3,9,.000,.000,2,0,0,0,0,.000,.---,0,0,0,0
2026/03/28,True,Tampa Bay Rays,Chandler Simpson,1,3,-.--,.333,.333,0,0,0,0,1,0,1,1.00,0,1,0,0,2,7,.333,.666,3,1,1,0,0,.333,.---,0,0,1,0
2026/03/28,True,New York Yankees,Amed Rosario,1,2,-.--,.000,.000,0,0,0,0,1,0,1,1.00,0,0,0,0,1,7,.000,.000,2,0,0,0,0,.000,.---,0,0,0,0
2026/03/28,True,San Francisco Giants,Willy Adames,2,7,-.--,.000,.000,0,0,0,0,2,0,1,0.50,0,0,0,0,3,28,.000,.000,7,0,0,0,0,.000,.---,0,4,0,0
2026/03/28,True,Milwaukee Brewers,Andrew Vaughn,0,4,-.--,.250,.250,0,0,0,0,1,0,3,3.00,0,1,0,0,1,13,.250,.500,4,1,0,0,0,.250,.---,0,0,1,0
2026/03/28,True,Chicago Cubs,Michael Busch,0,4,-.--,.750,.750,1,0,0,2,1,0,1,1.00,0,3,0,0,2,17,.800,2.050,5,1,2,0,0,1.250,.---,0,0,5,0
2026/03/28,True,Detroit Tigers,Jahmai Jones,0,1,-.--,.000,.000,0,0,0,0,1,0,1,1.00,0,0,0,0,1,4,.000,.000,1,0,0,0,0,.000,.---,0,0,0,0
2026/03/28,True,Colorado Rockies,Hunter Goodman,1,4,-.--,.500,.500,0,0,0,0,1,0,1,1.00,0,2,0,0,0,12,.500,1.000,4,0,0,0,0,.500,.---,0,0,2,0
2026/03/28,True,Milwaukee Brewers,Blake Perkins,1,1,-.--,.000,.000,0,0,0,0,1,0,0,0.00,0,0,0,0,0,5,.000,.000,1,0,0,0,0,.000,.---,0,0,0,0
2026/03/28,True,Cincinnati Reds,Dane Myers,1,1,-.--,.000,.000,0,0,0,0,1,0,0,0.00,0,0,0,0,0,5,.000,.000,1,0,0,0,0,.000,.---,0,0,0,0
2026/03/28,True,Tampa Bay Rays,Carson Williams,2,5,-.--,.200,.250,0,0,0,0,1,0,1,0.50,0,1,0,0,2,15,.200,.400,5,0,1,0,0,.200,.---,0,1,1,0
2026/03/28,True,New York Yankees,Ben Rice,0,4,-.--,.250,.500,1,0,0,0,1,0,1,1.00,0,1,0,0,0,16,.400,.650,5,0,1,0,0,.250,.---,0,2,1,0
2026/03/28,True,Chicago White Sox,Edgar Quero,0,3,-.--,.000,.000,0,0,0,0,1,0,1,1.00,0,0,0,0,3,10,.000,.000,3,0,0,0,0,.000,.---,0,2,0,0
2026/03/28,True,Tampa Bay Rays,Ben Williamson,1,4,-.--,.750,.750,0,0,0,0,1,0,0,0.00,0,3,0,0,2,13,.750,1.500,4,1,1,0,0,.750,.---,0,0,3,0
2026/03/28,True,New York Mets,Jorge Polanco,1,3,-.--,.333,.500,2,0,0,0,1,0,0,0.00,0,1,0,0,2,18,.600,.933,5,1,1,0,0,.333,.---,0,1,1,0
2026/03/28,True,Washington Nationals,Jacob Young,1,4,4.00,.250,.000,0,0,0,0,1,0,1,1.00,0,1,1,0,0,15,.250,1.250,4,2,1,0,0,1.000,.---,0,1,4,0
2026/03/28,True,Los Angeles Dodgers,Teoscar Hernández,2,7,-.--,.143,.167,0,0,0,0,2,1,3,1.50,0,1,0,0,3,25,.143,.286,7,0,1,0,0,.143,.---,0,1,1,0
2026/03/28,True,Chicago Cubs,Nico Hoerner,0,4,-.--,.000,.000,0,0,0,0,1,1,3,3.00,0,0,0,0,4,17,.000,.000,4,0,1,0,0,.000,.---,0,1,0,0
2026/03/28,True,Athletics,Lawrence Butler,1,3,-.--,.000,.000,0,0,0,0,1,0,1,1.00,0,0,0,0,0,10,.000,.000,3,0,0,0,0,.000,.---,0,1,0,0
2026/03/28,True,Cleveland Guardians,CJ Kayfus,1,3,-.--,.000,.000,1,0,0,0,1,0,2,2.00,0,0,0,0,2,19,.250,.250,4,0,0,0,0,.000,.---,0,0,0,0
2026/03/28,True,Atlanta Braves,Michael Harris,1,4,4.00,.250,.000,0,0,0,0,1,0,1,1.00,0,1,1,0,1,13,.250,1.250,4,2,1,0,0,1.000,.---,0,1,4,0
